voter,choice,proposal,created
0xBa74e6E09B2Ae7470a67dceF71846216C83CF36F,1,{'id': 'QmRakdstZdU1Mx1vYhjon8tYnv5o1dkir8v3HDBmmnCGUc'},1635441873
0xBa74e6E09B2Ae7470a67dceF71846216C83CF36F,1,{'id': 'QmebDo3uTVJ5bHWgYhf7CvcK7by1da1WUX4jw5uX6M7EUW'},1635441846
0x5c2cF283C3baCB15b3137d5E8af30643b33189b0,1,{'id': 'QmRkF9A2NigXcBBFfASnM7akNvAo6c9jgNxpt1faX6hvjK'},1635440236
0xEeaA36420519d85EfaB3b7120ac5Afa5a5825bFB,1,{'id': 'QmRakdstZdU1Mx1vYhjon8tYnv5o1dkir8v3HDBmmnCGUc'},1635428313
0x976DcA1615502419B7003A1853E022b023d47Cf4,1,{'id': 'QmRkF9A2NigXcBBFfASnM7akNvAo6c9jgNxpt1faX6hvjK'},1635423388
0x976DcA1615502419B7003A1853E022b023d47Cf4,1,{'id': 'QmebDo3uTVJ5bHWgYhf7CvcK7by1da1WUX4jw5uX6M7EUW'},1635423353
0x976DcA1615502419B7003A1853E022b023d47Cf4,1,{'id': 'QmRakdstZdU1Mx1vYhjon8tYnv5o1dkir8v3HDBmmnCGUc'},1635423301
0x2b614ecc9e91aF9D056EB8ACcCF5D9928A7cF4F7,2,{'id': 'QmRakdstZdU1Mx1vYhjon8tYnv5o1dkir8v3HDBmmnCGUc'},1635417420
0x2b614ecc9e91aF9D056EB8ACcCF5D9928A7cF4F7,2,{'id': 'QmebDo3uTVJ5bHWgYhf7CvcK7by1da1WUX4jw5uX6M7EUW'},1635417387
0x2b614ecc9e91aF9D056EB8ACcCF5D9928A7cF4F7,1,{'id': 'QmRkF9A2NigXcBBFfASnM7akNvAo6c9jgNxpt1faX6hvjK'},1635417365
0xE70CfdB698Dde588c398Afc0563EbF5616aD33B2,1,{'id': 'QmWnu4hqF2x5uyydWGSXzBmLEiVivXZWLLsh1DHFpjEeQC'},1635416781
0xE70CfdB698Dde588c398Afc0563EbF5616aD33B2,3,{'id': 'Qmc6ucVT1XQArcKQLRKmzFqoXkXHpnSJgjD9inCSUb2c8X'},1635416733
0xE70CfdB698Dde588c398Afc0563EbF5616aD33B2,2,{'id': 'QmebDo3uTVJ5bHWgYhf7CvcK7by1da1WUX4jw5uX6M7EUW'},1635416662
0xE70CfdB698Dde588c398Afc0563EbF5616aD33B2,1,{'id': 'QmRakdstZdU1Mx1vYhjon8tYnv5o1dkir8v3HDBmmnCGUc'},1635416618
0xE4014Fd584388AE6191Eb22E07811E1E5da9838b,1,{'id': 'QmRkF9A2NigXcBBFfASnM7akNvAo6c9jgNxpt1faX6hvjK'},1635415124
0x8aB9cFE91574ce10cbB16750e207EEBd89e56a83,1,{'id': 'QmRkF9A2NigXcBBFfASnM7akNvAo6c9jgNxpt1faX6hvjK'},1635392883
0x8aB9cFE91574ce10cbB16750e207EEBd89e56a83,2,{'id': 'QmebDo3uTVJ5bHWgYhf7CvcK7by1da1WUX4jw5uX6M7EUW'},1635392852
0x8aB9cFE91574ce10cbB16750e207EEBd89e56a83,1,{'id': 'QmRakdstZdU1Mx1vYhjon8tYnv5o1dkir8v3HDBmmnCGUc'},1635392802
0x40aED6E410a780154a4dCF62c37dD8Ba54F08FfE,2,{'id': 'QmRakdstZdU1Mx1vYhjon8tYnv5o1dkir8v3HDBmmnCGUc'},1635384417
0x40aED6E410a780154a4dCF62c37dD8Ba54F08FfE,1,{'id': 'QmRkF9A2NigXcBBFfASnM7akNvAo6c9jgNxpt1faX6hvjK'},1635383650
0x40aED6E410a780154a4dCF62c37dD8Ba54F08FfE,2,{'id': 'QmebDo3uTVJ5bHWgYhf7CvcK7by1da1WUX4jw5uX6M7EUW'},1635383587
0x27E5E6074e259d98d6468454C32673E0e6f354ce,2,{'id': 'QmebDo3uTVJ5bHWgYhf7CvcK7by1da1WUX4jw5uX6M7EUW'},1635383138
0xC07EF9FDa2d42a7757172f6A7CDa2a63599591ED,1,{'id': 'QmRakdstZdU1Mx1vYhjon8tYnv5o1dkir8v3HDBmmnCGUc'},1635380693
0x215C44804627920a72692b20c6DC80deBa946cF2,1,{'id': 'QmRakdstZdU1Mx1vYhjon8tYnv5o1dkir8v3HDBmmnCGUc'},1635374108
0x215C44804627920a72692b20c6DC80deBa946cF2,1,{'id': 'QmebDo3uTVJ5bHWgYhf7CvcK7by1da1WUX4jw5uX6M7EUW'},1635374056
0x1F9b4F7A0605E4574562938CBdBFdFfe8605d4E2,1,{'id': 'QmebDo3uTVJ5bHWgYhf7CvcK7by1da1WUX4jw5uX6M7EUW'},1635367056
0x1F9b4F7A0605E4574562938CBdBFdFfe8605d4E2,1,{'id': 'QmRakdstZdU1Mx1vYhjon8tYnv5o1dkir8v3HDBmmnCGUc'},1635366860
0xD63E2Af499327DC60bB06948a9c1f72bE633a2B6,1,{'id': 'QmRakdstZdU1Mx1vYhjon8tYnv5o1dkir8v3HDBmmnCGUc'},1635335249
0x4c32f7CE77908124862f59055Cdf1bda71861D5B,1,{'id': 'QmRakdstZdU1Mx1vYhjon8tYnv5o1dkir8v3HDBmmnCGUc'},1635329430
0x4c32f7CE77908124862f59055Cdf1bda71861D5B,1,{'id': 'QmebDo3uTVJ5bHWgYhf7CvcK7by1da1WUX4jw5uX6M7EUW'},1635329404
0xab4382aAdae5bF4b37B90b9dc07FC72D52e2a28A,1,{'id': 'QmRkF9A2NigXcBBFfASnM7akNvAo6c9jgNxpt1faX6hvjK'},1635325898
0xBc4811f78DCb2AC60c026e871f697d87Fc36022b,1,{'id': 'QmRakdstZdU1Mx1vYhjon8tYnv5o1dkir8v3HDBmmnCGUc'},1635324466
0xdb4D88080ED478c729B07E23f8e0ccD1f57D3f9B,2,{'id': 'QmebDo3uTVJ5bHWgYhf7CvcK7by1da1WUX4jw5uX6M7EUW'},1635312224
0xff67A86A01C7c90B0c3f3A26B65C25f432ec1751,1,{'id': 'QmRkF9A2NigXcBBFfASnM7akNvAo6c9jgNxpt1faX6hvjK'},1635310353
0xff67A86A01C7c90B0c3f3A26B65C25f432ec1751,1,{'id': 'QmebDo3uTVJ5bHWgYhf7CvcK7by1da1WUX4jw5uX6M7EUW'},1635310335
0xff67A86A01C7c90B0c3f3A26B65C25f432ec1751,1,{'id': 'QmRakdstZdU1Mx1vYhjon8tYnv5o1dkir8v3HDBmmnCGUc'},1635310296
0x513AeDacE44cc9a0724CA276a8CeeeE950903576,3,{'id': 'Qmc6ucVT1XQArcKQLRKmzFqoXkXHpnSJgjD9inCSUb2c8X'},1635306957
0x4281579D99d855F2430C95a13720e53a0fCC0549,1,{'id': 'QmebDo3uTVJ5bHWgYhf7CvcK7by1da1WUX4jw5uX6M7EUW'},1635296985
0xa30C7B2e676bE6b0C26D631c8161b62eBeBC3cD2,1,{'id': 'QmRkF9A2NigXcBBFfASnM7akNvAo6c9jgNxpt1faX6hvjK'},1635296922
0xa30C7B2e676bE6b0C26D631c8161b62eBeBC3cD2,1,{'id': 'QmebDo3uTVJ5bHWgYhf7CvcK7by1da1WUX4jw5uX6M7EUW'},1635296901
0xa30C7B2e676bE6b0C26D631c8161b62eBeBC3cD2,1,{'id': 'QmRakdstZdU1Mx1vYhjon8tYnv5o1dkir8v3HDBmmnCGUc'},1635296880
0x2437Db820DE92d8DD64B524954fA0D160767c471,2,{'id': 'QmWnu4hqF2x5uyydWGSXzBmLEiVivXZWLLsh1DHFpjEeQC'},1635289446
0x2437Db820DE92d8DD64B524954fA0D160767c471,3,{'id': 'Qmc6ucVT1XQArcKQLRKmzFqoXkXHpnSJgjD9inCSUb2c8X'},1635289425
0x2437Db820DE92d8DD64B524954fA0D160767c471,1,{'id': 'QmRakdstZdU1Mx1vYhjon8tYnv5o1dkir8v3HDBmmnCGUc'},1635288013
0x2437Db820DE92d8DD64B524954fA0D160767c471,1,{'id': 'QmebDo3uTVJ5bHWgYhf7CvcK7by1da1WUX4jw5uX6M7EUW'},1635287993
0x2437Db820DE92d8DD64B524954fA0D160767c471,1,{'id': 'QmRkF9A2NigXcBBFfASnM7akNvAo6c9jgNxpt1faX6hvjK'},1635287968
0x0252d89c8781b88858d5A2dbb8b9CF613f84917D,2,{'id': 'QmebDo3uTVJ5bHWgYhf7CvcK7by1da1WUX4jw5uX6M7EUW'},1635270966
0x0252d89c8781b88858d5A2dbb8b9CF613f84917D,1,{'id': 'QmRkF9A2NigXcBBFfASnM7akNvAo6c9jgNxpt1faX6hvjK'},1635270945
0x91B26b4B49525fDFfff2B099190149a52A36c3cA,2,{'id': 'QmebDo3uTVJ5bHWgYhf7CvcK7by1da1WUX4jw5uX6M7EUW'},1635266023
0x91B26b4B49525fDFfff2B099190149a52A36c3cA,1,{'id': 'QmRakdstZdU1Mx1vYhjon8tYnv5o1dkir8v3HDBmmnCGUc'},1635265859
0x4539f999Feeae247BDE0EcBb406f70EdF56e576B,1,{'id': 'QmRakdstZdU1Mx1vYhjon8tYnv5o1dkir8v3HDBmmnCGUc'},1635263326
0x4539f999Feeae247BDE0EcBb406f70EdF56e576B,2,{'id': 'QmebDo3uTVJ5bHWgYhf7CvcK7by1da1WUX4jw5uX6M7EUW'},1635263214
0x19dd92C9A9c4Eb6f0426846C4F8a071A7b79209A,1,{'id': 'QmRkF9A2NigXcBBFfASnM7akNvAo6c9jgNxpt1faX6hvjK'},1635261777
0x7dd508a1e4Da1243789B799a480f8B45e58b1B5b,1,{'id': 'QmRakdstZdU1Mx1vYhjon8tYnv5o1dkir8v3HDBmmnCGUc'},1635257651
0x7dd508a1e4Da1243789B799a480f8B45e58b1B5b,3,{'id': 'QmebDo3uTVJ5bHWgYhf7CvcK7by1da1WUX4jw5uX6M7EUW'},1635257502
0x7dd508a1e4Da1243789B799a480f8B45e58b1B5b,1,{'id': 'QmRkF9A2NigXcBBFfASnM7akNvAo6c9jgNxpt1faX6hvjK'},1635257335
0x68F18759e83a21dA121E134949103bf5F0737073,1,{'id': 'QmRakdstZdU1Mx1vYhjon8tYnv5o1dkir8v3HDBmmnCGUc'},1635254101
0x3170606aDd67Ee893d23E4aEe79c1A4997ce635a,1,{'id': 'QmRkF9A2NigXcBBFfASnM7akNvAo6c9jgNxpt1faX6hvjK'},1635246401
0xB6C9e6A2415aB8d26335498BEAc8eeBED4BB2259,1,{'id': 'QmRkF9A2NigXcBBFfASnM7akNvAo6c9jgNxpt1faX6hvjK'},1635246376
0xB6C9e6A2415aB8d26335498BEAc8eeBED4BB2259,1,{'id': 'QmebDo3uTVJ5bHWgYhf7CvcK7by1da1WUX4jw5uX6M7EUW'},1635246321
0x3170606aDd67Ee893d23E4aEe79c1A4997ce635a,1,{'id': 'QmebDo3uTVJ5bHWgYhf7CvcK7by1da1WUX4jw5uX6M7EUW'},1635246240
0xd98cB41e6878A67732f5821c6EFe703aA5C3D65a,1,{'id': 'QmRkF9A2NigXcBBFfASnM7akNvAo6c9jgNxpt1faX6hvjK'},1635246081
0x3170606aDd67Ee893d23E4aEe79c1A4997ce635a,2,{'id': 'QmRakdstZdU1Mx1vYhjon8tYnv5o1dkir8v3HDBmmnCGUc'},1635245750
0xB6C9e6A2415aB8d26335498BEAc8eeBED4BB2259,1,{'id': 'QmRakdstZdU1Mx1vYhjon8tYnv5o1dkir8v3HDBmmnCGUc'},1635245204
0x4c32f7CE77908124862f59055Cdf1bda71861D5B,1,{'id': 'QmRkF9A2NigXcBBFfASnM7akNvAo6c9jgNxpt1faX6hvjK'},1635244976
0x4D04EB67A2D1e01c71FAd0366E0C200207A75487,1,{'id': 'QmRakdstZdU1Mx1vYhjon8tYnv5o1dkir8v3HDBmmnCGUc'},1635238736
0x8a1ec127978bCC7499b2A188Df2Bd1810F522Ac7,1,{'id': 'QmRkF9A2NigXcBBFfASnM7akNvAo6c9jgNxpt1faX6hvjK'},1635238082
0x8a1ec127978bCC7499b2A188Df2Bd1810F522Ac7,1,{'id': 'QmebDo3uTVJ5bHWgYhf7CvcK7by1da1WUX4jw5uX6M7EUW'},1635238054
0x8a1ec127978bCC7499b2A188Df2Bd1810F522Ac7,1,{'id': 'QmRakdstZdU1Mx1vYhjon8tYnv5o1dkir8v3HDBmmnCGUc'},1635237972
0xBA7e9Bb153F9c4C32903b721eB53B751E2c0bF12,1,{'id': 'QmRkF9A2NigXcBBFfASnM7akNvAo6c9jgNxpt1faX6hvjK'},1635237694
0x17e33637f6B64E9082Ea499481b6e6EbAE7EEA23,2,{'id': 'QmebDo3uTVJ5bHWgYhf7CvcK7by1da1WUX4jw5uX6M7EUW'},1635235161
0x17e33637f6B64E9082Ea499481b6e6EbAE7EEA23,1,{'id': 'QmRkF9A2NigXcBBFfASnM7akNvAo6c9jgNxpt1faX6hvjK'},1635235109
0x56446712B219fcC34a5604f5E7AF5d50d65B6647,2,{'id': 'QmebDo3uTVJ5bHWgYhf7CvcK7by1da1WUX4jw5uX6M7EUW'},1635226179
0x56446712B219fcC34a5604f5E7AF5d50d65B6647,2,{'id': 'QmRakdstZdU1Mx1vYhjon8tYnv5o1dkir8v3HDBmmnCGUc'},1635226158
0x56446712B219fcC34a5604f5E7AF5d50d65B6647,1,{'id': 'QmRkF9A2NigXcBBFfASnM7akNvAo6c9jgNxpt1faX6hvjK'},1635226096
0x67017BEbE2A4B8645B28F83D5D472618b35a1230,1,{'id': 'QmRkF9A2NigXcBBFfASnM7akNvAo6c9jgNxpt1faX6hvjK'},1635225998
0x67017BEbE2A4B8645B28F83D5D472618b35a1230,2,{'id': 'QmebDo3uTVJ5bHWgYhf7CvcK7by1da1WUX4jw5uX6M7EUW'},1635225961
0x67017BEbE2A4B8645B28F83D5D472618b35a1230,1,{'id': 'QmRakdstZdU1Mx1vYhjon8tYnv5o1dkir8v3HDBmmnCGUc'},1635225892
0x80658E3657882cFa73fff0eb20c92Aa5E948230C,1,{'id': 'QmRakdstZdU1Mx1vYhjon8tYnv5o1dkir8v3HDBmmnCGUc'},1635222550
0xD9A0013af48591f8524280D6f8f98189cef45308,2,{'id': 'QmebDo3uTVJ5bHWgYhf7CvcK7by1da1WUX4jw5uX6M7EUW'},1635221625
0x65B0F840ea292fc284C23Fc839e65b3951d46195,1,{'id': 'QmRkF9A2NigXcBBFfASnM7akNvAo6c9jgNxpt1faX6hvjK'},1635218581
0x65B0F840ea292fc284C23Fc839e65b3951d46195,1,{'id': 'QmRakdstZdU1Mx1vYhjon8tYnv5o1dkir8v3HDBmmnCGUc'},1635218509
0x65B0F840ea292fc284C23Fc839e65b3951d46195,2,{'id': 'QmebDo3uTVJ5bHWgYhf7CvcK7by1da1WUX4jw5uX6M7EUW'},1635218483
0xDADBbE2886327d05d4266466Cfa9d4fe496b56Dd,1,{'id': 'QmRakdstZdU1Mx1vYhjon8tYnv5o1dkir8v3HDBmmnCGUc'},1635215408
0xDADBbE2886327d05d4266466Cfa9d4fe496b56Dd,1,{'id': 'QmRkF9A2NigXcBBFfASnM7akNvAo6c9jgNxpt1faX6hvjK'},1635215365
0xDADBbE2886327d05d4266466Cfa9d4fe496b56Dd,2,{'id': 'QmebDo3uTVJ5bHWgYhf7CvcK7by1da1WUX4jw5uX6M7EUW'},1635215307
0xF3B7A54e74817003aF1Ce65e65EC0A54C76A86ef,1,{'id': 'QmRakdstZdU1Mx1vYhjon8tYnv5o1dkir8v3HDBmmnCGUc'},1635211971
0xeC5c16f3EAF86a801a3E89201DD39bDDD1786cBF,1,{'id': 'QmRakdstZdU1Mx1vYhjon8tYnv5o1dkir8v3HDBmmnCGUc'},1635204751
0xeC5c16f3EAF86a801a3E89201DD39bDDD1786cBF,2,{'id': 'QmebDo3uTVJ5bHWgYhf7CvcK7by1da1WUX4jw5uX6M7EUW'},1635204592
0x8fe4e9F56152Cece6771Fd01A1ef596cAEC3EDBf,1,{'id': 'QmRakdstZdU1Mx1vYhjon8tYnv5o1dkir8v3HDBmmnCGUc'},1635204535
0x758C5366c1C681E102C469C342EDcc8807AE0060,2,{'id': 'QmebDo3uTVJ5bHWgYhf7CvcK7by1da1WUX4jw5uX6M7EUW'},1635202896
0x22bE1f5e8544e71A390cED1b6a82b477b1127Ce5,2,{'id': 'QmebDo3uTVJ5bHWgYhf7CvcK7by1da1WUX4jw5uX6M7EUW'},1635199947
0x18F23C3b96918518235136920F39Cb833B113F00,2,{'id': 'QmebDo3uTVJ5bHWgYhf7CvcK7by1da1WUX4jw5uX6M7EUW'},1635199871
0x18F23C3b96918518235136920F39Cb833B113F00,1,{'id': 'QmRakdstZdU1Mx1vYhjon8tYnv5o1dkir8v3HDBmmnCGUc'},1635199805
0x18F23C3b96918518235136920F39Cb833B113F00,2,{'id': 'QmWnu4hqF2x5uyydWGSXzBmLEiVivXZWLLsh1DHFpjEeQC'},1635199709
0x111cD92405B1Dfbd19882D361418F49D99d8FED8,1,{'id': 'QmebDo3uTVJ5bHWgYhf7CvcK7by1da1WUX4jw5uX6M7EUW'},1635199368
0x111cD92405B1Dfbd19882D361418F49D99d8FED8,2,{'id': 'QmWnu4hqF2x5uyydWGSXzBmLEiVivXZWLLsh1DHFpjEeQC'},1635199311
0x111cD92405B1Dfbd19882D361418F49D99d8FED8,3,{'id': 'Qmc6ucVT1XQArcKQLRKmzFqoXkXHpnSJgjD9inCSUb2c8X'},1635199284
0x111cD92405B1Dfbd19882D361418F49D99d8FED8,1,{'id': 'QmRakdstZdU1Mx1vYhjon8tYnv5o1dkir8v3HDBmmnCGUc'},1635199241
0x111cD92405B1Dfbd19882D361418F49D99d8FED8,1,{'id': 'QmRkF9A2NigXcBBFfASnM7akNvAo6c9jgNxpt1faX6hvjK'},1635199189
0x4D04EB67A2D1e01c71FAd0366E0C200207A75487,1,{'id': 'QmRkF9A2NigXcBBFfASnM7akNvAo6c9jgNxpt1faX6hvjK'},1635199123
0xb8767b8AC030cb2DDb7605F6E79f342f707F73E1,1,{'id': 'QmRakdstZdU1Mx1vYhjon8tYnv5o1dkir8v3HDBmmnCGUc'},1635196918
0xb8767b8AC030cb2DDb7605F6E79f342f707F73E1,2,{'id': 'QmebDo3uTVJ5bHWgYhf7CvcK7by1da1WUX4jw5uX6M7EUW'},1635196400
0x91B26b4B49525fDFfff2B099190149a52A36c3cA,1,{'id': 'QmRkF9A2NigXcBBFfASnM7akNvAo6c9jgNxpt1faX6hvjK'},1635196284
0xa5cA469103c502c5137AfD926a644253fE5FB73e,1,{'id': 'QmRakdstZdU1Mx1vYhjon8tYnv5o1dkir8v3HDBmmnCGUc'},1635191759
0xa5cA469103c502c5137AfD926a644253fE5FB73e,2,{'id': 'QmebDo3uTVJ5bHWgYhf7CvcK7by1da1WUX4jw5uX6M7EUW'},1635191665
0xC3598d91844B061195136600AD243b077Cc164e2,1,{'id': 'QmRkF9A2NigXcBBFfASnM7akNvAo6c9jgNxpt1faX6hvjK'},1635191261
0xC3598d91844B061195136600AD243b077Cc164e2,2,{'id': 'QmebDo3uTVJ5bHWgYhf7CvcK7by1da1WUX4jw5uX6M7EUW'},1635191189
0xC3598d91844B061195136600AD243b077Cc164e2,1,{'id': 'QmRakdstZdU1Mx1vYhjon8tYnv5o1dkir8v3HDBmmnCGUc'},1635191098
0xE5A3D77D7788A83f3549dD7F08Fc2aCed7E262d2,1,{'id': 'QmRakdstZdU1Mx1vYhjon8tYnv5o1dkir8v3HDBmmnCGUc'},1635191028
0xE5A3D77D7788A83f3549dD7F08Fc2aCed7E262d2,2,{'id': 'QmebDo3uTVJ5bHWgYhf7CvcK7by1da1WUX4jw5uX6M7EUW'},1635190908
0xE5A3D77D7788A83f3549dD7F08Fc2aCed7E262d2,1,{'id': 'QmRkF9A2NigXcBBFfASnM7akNvAo6c9jgNxpt1faX6hvjK'},1635190755
0xa18e1B9a277f8e09133CE6a0219B31d4B482A162,1,{'id': 'QmRakdstZdU1Mx1vYhjon8tYnv5o1dkir8v3HDBmmnCGUc'},1635188501
0x7Cfed2A2d4a98680daC6aA55120f5AF2EC562EbD,2,{'id': 'QmebDo3uTVJ5bHWgYhf7CvcK7by1da1WUX4jw5uX6M7EUW'},1635187635
0x7Cfed2A2d4a98680daC6aA55120f5AF2EC562EbD,1,{'id': 'QmRakdstZdU1Mx1vYhjon8tYnv5o1dkir8v3HDBmmnCGUc'},1635187520
0x6A5170a1987eeC647868B6B71C550063f2a4779C,1,{'id': 'QmRkF9A2NigXcBBFfASnM7akNvAo6c9jgNxpt1faX6hvjK'},1635186360
0x2b285e1B49bA0cB6f71D8b0D9cAFdFBf9868fDA9,1,{'id': 'QmRakdstZdU1Mx1vYhjon8tYnv5o1dkir8v3HDBmmnCGUc'},1635186338
0xc6CA65DFa134481a0910bBE0BFA9a38c76012217,2,{'id': 'QmebDo3uTVJ5bHWgYhf7CvcK7by1da1WUX4jw5uX6M7EUW'},1635186330
0x6A5170a1987eeC647868B6B71C550063f2a4779C,2,{'id': 'QmebDo3uTVJ5bHWgYhf7CvcK7by1da1WUX4jw5uX6M7EUW'},1635186320
0x6A5170a1987eeC647868B6B71C550063f2a4779C,1,{'id': 'QmRakdstZdU1Mx1vYhjon8tYnv5o1dkir8v3HDBmmnCGUc'},1635186258
0x8e2540edfA7410B6f32f54D4cBF715Acfe2F2e5B,1,{'id': 'QmRakdstZdU1Mx1vYhjon8tYnv5o1dkir8v3HDBmmnCGUc'},1635186205
0x8e2540edfA7410B6f32f54D4cBF715Acfe2F2e5B,1,{'id': 'QmebDo3uTVJ5bHWgYhf7CvcK7by1da1WUX4jw5uX6M7EUW'},1635186021
0x2b285e1B49bA0cB6f71D8b0D9cAFdFBf9868fDA9,2,{'id': 'QmebDo3uTVJ5bHWgYhf7CvcK7by1da1WUX4jw5uX6M7EUW'},1635185787
0x8e2540edfA7410B6f32f54D4cBF715Acfe2F2e5B,1,{'id': 'QmRkF9A2NigXcBBFfASnM7akNvAo6c9jgNxpt1faX6hvjK'},1635185631
0x948FED1E5ea61971C9CcfC05688d6d7b25458581,1,{'id': 'QmRakdstZdU1Mx1vYhjon8tYnv5o1dkir8v3HDBmmnCGUc'},1635184989
0x948FED1E5ea61971C9CcfC05688d6d7b25458581,1,{'id': 'QmRkF9A2NigXcBBFfASnM7akNvAo6c9jgNxpt1faX6hvjK'},1635184791
0x948FED1E5ea61971C9CcfC05688d6d7b25458581,2,{'id': 'QmebDo3uTVJ5bHWgYhf7CvcK7by1da1WUX4jw5uX6M7EUW'},1635184736
0xB478d2e5D241683667e15c9c79a2Bc0e5aF35923,1,{'id': 'QmRkF9A2NigXcBBFfASnM7akNvAo6c9jgNxpt1faX6hvjK'},1635182892
0x66300889AFb808626498c28e3811bb9B06A014aD,2,{'id': 'QmWnu4hqF2x5uyydWGSXzBmLEiVivXZWLLsh1DHFpjEeQC'},1635182004
0xe307e911991ED5Df44920E648245C49573E6F779,1,{'id': 'QmRakdstZdU1Mx1vYhjon8tYnv5o1dkir8v3HDBmmnCGUc'},1635181864
0xe307e911991ED5Df44920E648245C49573E6F779,2,{'id': 'QmebDo3uTVJ5bHWgYhf7CvcK7by1da1WUX4jw5uX6M7EUW'},1635181584
0xe307e911991ED5Df44920E648245C49573E6F779,1,{'id': 'QmRkF9A2NigXcBBFfASnM7akNvAo6c9jgNxpt1faX6hvjK'},1635180596
0x884999214c56091853765B9D4323Cf8BB9f7E699,1,{'id': 'QmRkF9A2NigXcBBFfASnM7akNvAo6c9jgNxpt1faX6hvjK'},1635176308
0x884999214c56091853765B9D4323Cf8BB9f7E699,1,{'id': 'QmebDo3uTVJ5bHWgYhf7CvcK7by1da1WUX4jw5uX6M7EUW'},1635176272
0x884999214c56091853765B9D4323Cf8BB9f7E699,1,{'id': 'QmRakdstZdU1Mx1vYhjon8tYnv5o1dkir8v3HDBmmnCGUc'},1635176189
0xD6ccB9d49A2ecd78efC35D6C733214029a1C74cB,1,{'id': 'QmRakdstZdU1Mx1vYhjon8tYnv5o1dkir8v3HDBmmnCGUc'},1635173643
0xD6ccB9d49A2ecd78efC35D6C733214029a1C74cB,2,{'id': 'QmebDo3uTVJ5bHWgYhf7CvcK7by1da1WUX4jw5uX6M7EUW'},1635173184
0xb11C0Ad983cf3c4912FD37809522A81aAaD3b1ee,1,{'id': 'QmRakdstZdU1Mx1vYhjon8tYnv5o1dkir8v3HDBmmnCGUc'},1635173083
0xb11C0Ad983cf3c4912FD37809522A81aAaD3b1ee,1,{'id': 'QmebDo3uTVJ5bHWgYhf7CvcK7by1da1WUX4jw5uX6M7EUW'},1635173007
0x8410373DF6E9b20765c9599c26d585B2cd0Ef628,1,{'id': 'QmRkF9A2NigXcBBFfASnM7akNvAo6c9jgNxpt1faX6hvjK'},1635169666
0x2EC8db4C68717b9101578a3760cD70D859587b43,2,{'id': 'QmebDo3uTVJ5bHWgYhf7CvcK7by1da1WUX4jw5uX6M7EUW'},1635168636
0x5b0D3243c78fB9d4AC035fB2384FFdf7A9eF6396,1,{'id': 'QmRkF9A2NigXcBBFfASnM7akNvAo6c9jgNxpt1faX6hvjK'},1635168245
0x5b0D3243c78fB9d4AC035fB2384FFdf7A9eF6396,2,{'id': 'QmebDo3uTVJ5bHWgYhf7CvcK7by1da1WUX4jw5uX6M7EUW'},1635168211
0x0C76E22f480c55f31bf6f937517Fca0f45804306,1,{'id': 'QmRakdstZdU1Mx1vYhjon8tYnv5o1dkir8v3HDBmmnCGUc'},1635168167
0x0C76E22f480c55f31bf6f937517Fca0f45804306,2,{'id': 'QmebDo3uTVJ5bHWgYhf7CvcK7by1da1WUX4jw5uX6M7EUW'},1635168128
0x5b0D3243c78fB9d4AC035fB2384FFdf7A9eF6396,1,{'id': 'QmRakdstZdU1Mx1vYhjon8tYnv5o1dkir8v3HDBmmnCGUc'},1635168111
0x0C76E22f480c55f31bf6f937517Fca0f45804306,1,{'id': 'QmRkF9A2NigXcBBFfASnM7akNvAo6c9jgNxpt1faX6hvjK'},1635168060
0x2eA8E4c3768FDb6677548F8AF2FfDAA0BaC630BA,1,{'id': 'QmRkF9A2NigXcBBFfASnM7akNvAo6c9jgNxpt1faX6hvjK'},1635164356
0x49e2a5Af17fb2b37a0FF460217dC7A9FF4F34f90,2,{'id': 'QmebDo3uTVJ5bHWgYhf7CvcK7by1da1WUX4jw5uX6M7EUW'},1635163533
0x49e2a5Af17fb2b37a0FF460217dC7A9FF4F34f90,1,{'id': 'QmRkF9A2NigXcBBFfASnM7akNvAo6c9jgNxpt1faX6hvjK'},1635163449
0x49e2a5Af17fb2b37a0FF460217dC7A9FF4F34f90,1,{'id': 'QmRakdstZdU1Mx1vYhjon8tYnv5o1dkir8v3HDBmmnCGUc'},1635163398
0x4929f4d38F2955649b5aa34343da04cf790B9D92,1,{'id': 'QmRkF9A2NigXcBBFfASnM7akNvAo6c9jgNxpt1faX6hvjK'},1635162697
0x4929f4d38F2955649b5aa34343da04cf790B9D92,1,{'id': 'QmebDo3uTVJ5bHWgYhf7CvcK7by1da1WUX4jw5uX6M7EUW'},1635162678
0x4929f4d38F2955649b5aa34343da04cf790B9D92,1,{'id': 'QmRakdstZdU1Mx1vYhjon8tYnv5o1dkir8v3HDBmmnCGUc'},1635162639
0x7763D4CE482C35B59AA0fc48Ae2EABd00F60b82e,1,{'id': 'QmRkF9A2NigXcBBFfASnM7akNvAo6c9jgNxpt1faX6hvjK'},1635161367
0x7763D4CE482C35B59AA0fc48Ae2EABd00F60b82e,1,{'id': 'QmRakdstZdU1Mx1vYhjon8tYnv5o1dkir8v3HDBmmnCGUc'},1635161204
0x7763D4CE482C35B59AA0fc48Ae2EABd00F60b82e,2,{'id': 'QmebDo3uTVJ5bHWgYhf7CvcK7by1da1WUX4jw5uX6M7EUW'},1635161125
0x461F635488972409981EDbD043834dbaA7239FA6,1,{'id': 'QmebDo3uTVJ5bHWgYhf7CvcK7by1da1WUX4jw5uX6M7EUW'},1635159600
0x461F635488972409981EDbD043834dbaA7239FA6,1,{'id': 'QmRkF9A2NigXcBBFfASnM7akNvAo6c9jgNxpt1faX6hvjK'},1635159526
0x43079513eBD84AFb15BE79021C420Fe8055Bc635,1,{'id': 'QmRkF9A2NigXcBBFfASnM7akNvAo6c9jgNxpt1faX6hvjK'},1635156477
0x43079513eBD84AFb15BE79021C420Fe8055Bc635,2,{'id': 'QmebDo3uTVJ5bHWgYhf7CvcK7by1da1WUX4jw5uX6M7EUW'},1635156424
0x2346B18e56010272035e8eA7CF4C757Fc4E3f46a,1,{'id': 'QmRakdstZdU1Mx1vYhjon8tYnv5o1dkir8v3HDBmmnCGUc'},1635156417
0x2346B18e56010272035e8eA7CF4C757Fc4E3f46a,2,{'id': 'QmebDo3uTVJ5bHWgYhf7CvcK7by1da1WUX4jw5uX6M7EUW'},1635156369
0x43079513eBD84AFb15BE79021C420Fe8055Bc635,1,{'id': 'QmRakdstZdU1Mx1vYhjon8tYnv5o1dkir8v3HDBmmnCGUc'},1635156319
0xd39ce81CE8e7243494d4149d05dDDD536ddc2e55,1,{'id': 'QmRakdstZdU1Mx1vYhjon8tYnv5o1dkir8v3HDBmmnCGUc'},1635156192
0xd39ce81CE8e7243494d4149d05dDDD536ddc2e55,2,{'id': 'QmebDo3uTVJ5bHWgYhf7CvcK7by1da1WUX4jw5uX6M7EUW'},1635156177
0x60ab39Aab2bCA84A9099CEBC89523C10FcBb12b0,1,{'id': 'QmRkF9A2NigXcBBFfASnM7akNvAo6c9jgNxpt1faX6hvjK'},1635154191
0x60ab39Aab2bCA84A9099CEBC89523C10FcBb12b0,1,{'id': 'QmebDo3uTVJ5bHWgYhf7CvcK7by1da1WUX4jw5uX6M7EUW'},1635154172
0x60ab39Aab2bCA84A9099CEBC89523C10FcBb12b0,1,{'id': 'QmRakdstZdU1Mx1vYhjon8tYnv5o1dkir8v3HDBmmnCGUc'},1635154065
0x3e541DE9da4dCC73c7Cfd225D4dA6f232D758393,1,{'id': 'QmRkF9A2NigXcBBFfASnM7akNvAo6c9jgNxpt1faX6hvjK'},1635153365
0x3e541DE9da4dCC73c7Cfd225D4dA6f232D758393,2,{'id': 'QmebDo3uTVJ5bHWgYhf7CvcK7by1da1WUX4jw5uX6M7EUW'},1635153357
0x3e541DE9da4dCC73c7Cfd225D4dA6f232D758393,1,{'id': 'QmRakdstZdU1Mx1vYhjon8tYnv5o1dkir8v3HDBmmnCGUc'},1635153309
0xfB1D7F6c700A053683f80447B387A891D5f76aaC,1,{'id': 'QmRakdstZdU1Mx1vYhjon8tYnv5o1dkir8v3HDBmmnCGUc'},1635150124
0xfB1D7F6c700A053683f80447B387A891D5f76aaC,2,{'id': 'QmebDo3uTVJ5bHWgYhf7CvcK7by1da1WUX4jw5uX6M7EUW'},1635150110
0xfB1D7F6c700A053683f80447B387A891D5f76aaC,1,{'id': 'QmRkF9A2NigXcBBFfASnM7akNvAo6c9jgNxpt1faX6hvjK'},1635150062
0x4282Ec9835edad61b9A58Fa02b78369D0978C430,1,{'id': 'QmRakdstZdU1Mx1vYhjon8tYnv5o1dkir8v3HDBmmnCGUc'},1635149570
0x4282Ec9835edad61b9A58Fa02b78369D0978C430,2,{'id': 'QmebDo3uTVJ5bHWgYhf7CvcK7by1da1WUX4jw5uX6M7EUW'},1635149497
0x42556f667Dfc74704914F98d1e0c0aC4Ea2f492e,1,{'id': 'QmRakdstZdU1Mx1vYhjon8tYnv5o1dkir8v3HDBmmnCGUc'},1635149126
0x42556f667Dfc74704914F98d1e0c0aC4Ea2f492e,1,{'id': 'QmRkF9A2NigXcBBFfASnM7akNvAo6c9jgNxpt1faX6hvjK'},1635149035
0x42556f667Dfc74704914F98d1e0c0aC4Ea2f492e,2,{'id': 'QmebDo3uTVJ5bHWgYhf7CvcK7by1da1WUX4jw5uX6M7EUW'},1635149017
0xCA2fcDEFC09c1EaB0b91b66EbD3eB8401852fE5D,1,{'id': 'QmRakdstZdU1Mx1vYhjon8tYnv5o1dkir8v3HDBmmnCGUc'},1635148837
0xCA2fcDEFC09c1EaB0b91b66EbD3eB8401852fE5D,2,{'id': 'QmebDo3uTVJ5bHWgYhf7CvcK7by1da1WUX4jw5uX6M7EUW'},1635148776
0x66d0E180af64fb368679F91765Affc99174396AC,1,{'id': 'QmRkF9A2NigXcBBFfASnM7akNvAo6c9jgNxpt1faX6hvjK'},1635148660
0x66d0E180af64fb368679F91765Affc99174396AC,1,{'id': 'QmRakdstZdU1Mx1vYhjon8tYnv5o1dkir8v3HDBmmnCGUc'},1635148629
0x66d0E180af64fb368679F91765Affc99174396AC,2,{'id': 'QmebDo3uTVJ5bHWgYhf7CvcK7by1da1WUX4jw5uX6M7EUW'},1635148487
0xCA2fcDEFC09c1EaB0b91b66EbD3eB8401852fE5D,1,{'id': 'QmRkF9A2NigXcBBFfASnM7akNvAo6c9jgNxpt1faX6hvjK'},1635147102
0x519A0dF0Bd2b586b6F7126799c30A243E13ABCbe,1,{'id': 'QmRakdstZdU1Mx1vYhjon8tYnv5o1dkir8v3HDBmmnCGUc'},1635143890
0x519A0dF0Bd2b586b6F7126799c30A243E13ABCbe,2,{'id': 'QmebDo3uTVJ5bHWgYhf7CvcK7by1da1WUX4jw5uX6M7EUW'},1635143848
0x519A0dF0Bd2b586b6F7126799c30A243E13ABCbe,1,{'id': 'QmRkF9A2NigXcBBFfASnM7akNvAo6c9jgNxpt1faX6hvjK'},1635143801
0xc6E4Ad3ccdfC65687D2d60a454a8bdDc1F4d6c06,1,{'id': 'QmRkF9A2NigXcBBFfASnM7akNvAo6c9jgNxpt1faX6hvjK'},1635142940
0xc6E4Ad3ccdfC65687D2d60a454a8bdDc1F4d6c06,1,{'id': 'QmebDo3uTVJ5bHWgYhf7CvcK7by1da1WUX4jw5uX6M7EUW'},1635142925
0xc6E4Ad3ccdfC65687D2d60a454a8bdDc1F4d6c06,1,{'id': 'QmRakdstZdU1Mx1vYhjon8tYnv5o1dkir8v3HDBmmnCGUc'},1635142894
0x513AeDacE44cc9a0724CA276a8CeeeE950903576,1,{'id': 'QmRakdstZdU1Mx1vYhjon8tYnv5o1dkir8v3HDBmmnCGUc'},1635135063
0x513AeDacE44cc9a0724CA276a8CeeeE950903576,2,{'id': 'QmebDo3uTVJ5bHWgYhf7CvcK7by1da1WUX4jw5uX6M7EUW'},1635134842
0x513AeDacE44cc9a0724CA276a8CeeeE950903576,1,{'id': 'QmRkF9A2NigXcBBFfASnM7akNvAo6c9jgNxpt1faX6hvjK'},1635134699
0x0430605323465E26Dc21fBAaA9A1A4Be6ae9d496,1,{'id': 'QmRakdstZdU1Mx1vYhjon8tYnv5o1dkir8v3HDBmmnCGUc'},1635131070
0xF3B7A54e74817003aF1Ce65e65EC0A54C76A86ef,3,{'id': 'QmebDo3uTVJ5bHWgYhf7CvcK7by1da1WUX4jw5uX6M7EUW'},1635124187
0x3070f20f86fDa706Ac380F5060D256028a46eC29,2,{'id': 'QmebDo3uTVJ5bHWgYhf7CvcK7by1da1WUX4jw5uX6M7EUW'},1635123880
0x3070f20f86fDa706Ac380F5060D256028a46eC29,1,{'id': 'QmRakdstZdU1Mx1vYhjon8tYnv5o1dkir8v3HDBmmnCGUc'},1635123792
0x27E5E6074e259d98d6468454C32673E0e6f354ce,1,{'id': 'QmRakdstZdU1Mx1vYhjon8tYnv5o1dkir8v3HDBmmnCGUc'},1635122962
0x27E5E6074e259d98d6468454C32673E0e6f354ce,1,{'id': 'QmRkF9A2NigXcBBFfASnM7akNvAo6c9jgNxpt1faX6hvjK'},1635121443
0x1Ec289BD5F002B7969887b8E18a1625052a67D0d,1,{'id': 'QmRakdstZdU1Mx1vYhjon8tYnv5o1dkir8v3HDBmmnCGUc'},1635113749
0x1Ec289BD5F002B7969887b8E18a1625052a67D0d,1,{'id': 'QmebDo3uTVJ5bHWgYhf7CvcK7by1da1WUX4jw5uX6M7EUW'},1635113712
0x1Ec289BD5F002B7969887b8E18a1625052a67D0d,1,{'id': 'QmRkF9A2NigXcBBFfASnM7akNvAo6c9jgNxpt1faX6hvjK'},1635113678
0xdb4D88080ED478c729B07E23f8e0ccD1f57D3f9B,1,{'id': 'QmRakdstZdU1Mx1vYhjon8tYnv5o1dkir8v3HDBmmnCGUc'},1635112879
0x427197B1FB076c110f5d2bae24Fb05FED97C0456,1,{'id': 'QmRakdstZdU1Mx1vYhjon8tYnv5o1dkir8v3HDBmmnCGUc'},1635112185
0x427197B1FB076c110f5d2bae24Fb05FED97C0456,2,{'id': 'QmebDo3uTVJ5bHWgYhf7CvcK7by1da1WUX4jw5uX6M7EUW'},1635112118
0x21F35f686f4e907A1A46D67fE506E9f2a1ef64d0,2,{'id': 'QmebDo3uTVJ5bHWgYhf7CvcK7by1da1WUX4jw5uX6M7EUW'},1635110915
0x21F35f686f4e907A1A46D67fE506E9f2a1ef64d0,1,{'id': 'QmRakdstZdU1Mx1vYhjon8tYnv5o1dkir8v3HDBmmnCGUc'},1635110866
0x21F35f686f4e907A1A46D67fE506E9f2a1ef64d0,1,{'id': 'QmRkF9A2NigXcBBFfASnM7akNvAo6c9jgNxpt1faX6hvjK'},1635110824
0xEB2109A191f3B552A38286781B501Cf16FB1b6b8,2,{'id': 'QmebDo3uTVJ5bHWgYhf7CvcK7by1da1WUX4jw5uX6M7EUW'},1635109590
0xbD1bfF03034aC340235E48EE35c85b1121b8198e,1,{'id': 'QmRkF9A2NigXcBBFfASnM7akNvAo6c9jgNxpt1faX6hvjK'},1635108537
0xbD1bfF03034aC340235E48EE35c85b1121b8198e,1,{'id': 'QmebDo3uTVJ5bHWgYhf7CvcK7by1da1WUX4jw5uX6M7EUW'},1635108518
0xbD1bfF03034aC340235E48EE35c85b1121b8198e,1,{'id': 'QmRakdstZdU1Mx1vYhjon8tYnv5o1dkir8v3HDBmmnCGUc'},1635108502
0xd27d90b337717Fd91C4D409F712B890D4eE2FdD6,1,{'id': 'QmRakdstZdU1Mx1vYhjon8tYnv5o1dkir8v3HDBmmnCGUc'},1635105715
0xd27d90b337717Fd91C4D409F712B890D4eE2FdD6,2,{'id': 'QmebDo3uTVJ5bHWgYhf7CvcK7by1da1WUX4jw5uX6M7EUW'},1635105640
0x2eA8E4c3768FDb6677548F8AF2FfDAA0BaC630BA,2,{'id': 'QmebDo3uTVJ5bHWgYhf7CvcK7by1da1WUX4jw5uX6M7EUW'},1635105585
0xd27d90b337717Fd91C4D409F712B890D4eE2FdD6,1,{'id': 'QmRkF9A2NigXcBBFfASnM7akNvAo6c9jgNxpt1faX6hvjK'},1635105563
0x16765c8Fe6Eb838CB8f64e425b6DcCab38D4F102,1,{'id': 'QmRakdstZdU1Mx1vYhjon8tYnv5o1dkir8v3HDBmmnCGUc'},1635103628
0x16765c8Fe6Eb838CB8f64e425b6DcCab38D4F102,2,{'id': 'QmebDo3uTVJ5bHWgYhf7CvcK7by1da1WUX4jw5uX6M7EUW'},1635103267
0x16765c8Fe6Eb838CB8f64e425b6DcCab38D4F102,1,{'id': 'QmRkF9A2NigXcBBFfASnM7akNvAo6c9jgNxpt1faX6hvjK'},1635103140
0x8f9f865Aafd6487C7aC45a22bbb9278f8fc06d47,1,{'id': 'QmRakdstZdU1Mx1vYhjon8tYnv5o1dkir8v3HDBmmnCGUc'},1635102993
0x8f9f865Aafd6487C7aC45a22bbb9278f8fc06d47,3,{'id': 'QmebDo3uTVJ5bHWgYhf7CvcK7by1da1WUX4jw5uX6M7EUW'},1635102872
0x5d47e5D242a8F66a6286b0a2353868875F5d6068,1,{'id': 'QmRakdstZdU1Mx1vYhjon8tYnv5o1dkir8v3HDBmmnCGUc'},1635102818
0x5d47e5D242a8F66a6286b0a2353868875F5d6068,2,{'id': 'QmebDo3uTVJ5bHWgYhf7CvcK7by1da1WUX4jw5uX6M7EUW'},1635102770
0x8f9f865Aafd6487C7aC45a22bbb9278f8fc06d47,1,{'id': 'QmRkF9A2NigXcBBFfASnM7akNvAo6c9jgNxpt1faX6hvjK'},1635102734
0x5d47e5D242a8F66a6286b0a2353868875F5d6068,1,{'id': 'QmRkF9A2NigXcBBFfASnM7akNvAo6c9jgNxpt1faX6hvjK'},1635102707
0x0056D1fd2ca3c0F3A7B6ed6CDd1F1F104B4BF9A9,2,{'id': 'QmebDo3uTVJ5bHWgYhf7CvcK7by1da1WUX4jw5uX6M7EUW'},1635101430
0x0056D1fd2ca3c0F3A7B6ed6CDd1F1F104B4BF9A9,1,{'id': 'QmRkF9A2NigXcBBFfASnM7akNvAo6c9jgNxpt1faX6hvjK'},1635101386
0x0056D1fd2ca3c0F3A7B6ed6CDd1F1F104B4BF9A9,1,{'id': 'QmRakdstZdU1Mx1vYhjon8tYnv5o1dkir8v3HDBmmnCGUc'},1635101266
0x82703281e7ff09CD2492Ddb6B8c5Fa645efDA819,1,{'id': 'QmRakdstZdU1Mx1vYhjon8tYnv5o1dkir8v3HDBmmnCGUc'},1635100363
0x82703281e7ff09CD2492Ddb6B8c5Fa645efDA819,1,{'id': 'QmebDo3uTVJ5bHWgYhf7CvcK7by1da1WUX4jw5uX6M7EUW'},1635100311
0x32F41B50f8d569f22DFFeDc0F17210fb49350784,2,{'id': 'QmebDo3uTVJ5bHWgYhf7CvcK7by1da1WUX4jw5uX6M7EUW'},1635100205
0x1dE4F046c45Cd4E39cfCDF36b7DF4856B4031955,1,{'id': 'QmRakdstZdU1Mx1vYhjon8tYnv5o1dkir8v3HDBmmnCGUc'},1635099751
0x1dE4F046c45Cd4E39cfCDF36b7DF4856B4031955,2,{'id': 'QmebDo3uTVJ5bHWgYhf7CvcK7by1da1WUX4jw5uX6M7EUW'},1635099649
0x32F41B50f8d569f22DFFeDc0F17210fb49350784,1,{'id': 'QmRakdstZdU1Mx1vYhjon8tYnv5o1dkir8v3HDBmmnCGUc'},1635099531
0x19a61e7238270CA99F931C08D7BcfF1984F38AE4,1,{'id': 'QmRkF9A2NigXcBBFfASnM7akNvAo6c9jgNxpt1faX6hvjK'},1635099452
0x19a61e7238270CA99F931C08D7BcfF1984F38AE4,2,{'id': 'QmebDo3uTVJ5bHWgYhf7CvcK7by1da1WUX4jw5uX6M7EUW'},1635099421
0x19a61e7238270CA99F931C08D7BcfF1984F38AE4,1,{'id': 'QmRakdstZdU1Mx1vYhjon8tYnv5o1dkir8v3HDBmmnCGUc'},1635099374
0xa972691EF44eb3bad4a015399BA43a00EaD047f8,1,{'id': 'QmRakdstZdU1Mx1vYhjon8tYnv5o1dkir8v3HDBmmnCGUc'},1635098868
0xa972691EF44eb3bad4a015399BA43a00EaD047f8,2,{'id': 'QmebDo3uTVJ5bHWgYhf7CvcK7by1da1WUX4jw5uX6M7EUW'},1635098605
0x8fe4e9F56152Cece6771Fd01A1ef596cAEC3EDBf,1,{'id': 'QmebDo3uTVJ5bHWgYhf7CvcK7by1da1WUX4jw5uX6M7EUW'},1635098297
0xCaB5541bad35e9ee799BeA9765C3c416D8Cc1Bb8,2,{'id': 'QmRakdstZdU1Mx1vYhjon8tYnv5o1dkir8v3HDBmmnCGUc'},1635097738
0xB478d2e5D241683667e15c9c79a2Bc0e5aF35923,1,{'id': 'QmRakdstZdU1Mx1vYhjon8tYnv5o1dkir8v3HDBmmnCGUc'},1635096828
0xB478d2e5D241683667e15c9c79a2Bc0e5aF35923,2,{'id': 'QmebDo3uTVJ5bHWgYhf7CvcK7by1da1WUX4jw5uX6M7EUW'},1635096750
0x887C3599c4826F7b3cDe82003b894430F27d5b92,1,{'id': 'QmRakdstZdU1Mx1vYhjon8tYnv5o1dkir8v3HDBmmnCGUc'},1635093642
0x887C3599c4826F7b3cDe82003b894430F27d5b92,2,{'id': 'QmebDo3uTVJ5bHWgYhf7CvcK7by1da1WUX4jw5uX6M7EUW'},1635093613
0x887C3599c4826F7b3cDe82003b894430F27d5b92,1,{'id': 'QmRkF9A2NigXcBBFfASnM7akNvAo6c9jgNxpt1faX6hvjK'},1635093558
0x41c0F529F559c6A3ddc324Cd86A6D0c75b50c949,1,{'id': 'QmRakdstZdU1Mx1vYhjon8tYnv5o1dkir8v3HDBmmnCGUc'},1635092236
0x41c0F529F559c6A3ddc324Cd86A6D0c75b50c949,2,{'id': 'QmebDo3uTVJ5bHWgYhf7CvcK7by1da1WUX4jw5uX6M7EUW'},1635092144
0x91bC4c63c71AF1F8951D73B155cB0e0C92386481,1,{'id': 'QmRakdstZdU1Mx1vYhjon8tYnv5o1dkir8v3HDBmmnCGUc'},1635091980
0x91bC4c63c71AF1F8951D73B155cB0e0C92386481,2,{'id': 'QmebDo3uTVJ5bHWgYhf7CvcK7by1da1WUX4jw5uX6M7EUW'},1635091865
0xFB9e5F5874565A6eF8FCF1DEbc4975501331a8Ca,1,{'id': 'QmRakdstZdU1Mx1vYhjon8tYnv5o1dkir8v3HDBmmnCGUc'},1635091209
0xFB9e5F5874565A6eF8FCF1DEbc4975501331a8Ca,2,{'id': 'QmebDo3uTVJ5bHWgYhf7CvcK7by1da1WUX4jw5uX6M7EUW'},1635091095
0xB6E994d559a13560343Ab6dFE58b4c46AeE8705f,2,{'id': 'QmebDo3uTVJ5bHWgYhf7CvcK7by1da1WUX4jw5uX6M7EUW'},1635090680
0xB6E994d559a13560343Ab6dFE58b4c46AeE8705f,1,{'id': 'QmRakdstZdU1Mx1vYhjon8tYnv5o1dkir8v3HDBmmnCGUc'},1635090637
0xD9A0013af48591f8524280D6f8f98189cef45308,1,{'id': 'QmRakdstZdU1Mx1vYhjon8tYnv5o1dkir8v3HDBmmnCGUc'},1635090314
0xD9A0013af48591f8524280D6f8f98189cef45308,1,{'id': 'QmRkF9A2NigXcBBFfASnM7akNvAo6c9jgNxpt1faX6hvjK'},1635090272
0x827eA2C64d3f5093F632ab6DaA94EE8d7eEe0686,1,{'id': 'QmRkF9A2NigXcBBFfASnM7akNvAo6c9jgNxpt1faX6hvjK'},1635089389
0xeb4135a5fff5cD44c08614f012e103a6429f65B3,1,{'id': 'QmRakdstZdU1Mx1vYhjon8tYnv5o1dkir8v3HDBmmnCGUc'},1635089357
0x84bcfa8Fe160b271dc49B1Fb263ad995e0C2c1dF,1,{'id': 'QmRakdstZdU1Mx1vYhjon8tYnv5o1dkir8v3HDBmmnCGUc'},1635089341
0x84bcfa8Fe160b271dc49B1Fb263ad995e0C2c1dF,1,{'id': 'QmebDo3uTVJ5bHWgYhf7CvcK7by1da1WUX4jw5uX6M7EUW'},1635089317
0x1b50afeD405C9930eAe5fb3803418b03F9615B1C,1,{'id': 'QmRakdstZdU1Mx1vYhjon8tYnv5o1dkir8v3HDBmmnCGUc'},1635089308
0x21210E9f52300880E61D0fD0D08d1b882a6369f9,1,{'id': 'QmebDo3uTVJ5bHWgYhf7CvcK7by1da1WUX4jw5uX6M7EUW'},1635089273
0x21210E9f52300880E61D0fD0D08d1b882a6369f9,1,{'id': 'QmRakdstZdU1Mx1vYhjon8tYnv5o1dkir8v3HDBmmnCGUc'},1635089245
0x4188c45B8dfC8998Ceee2398e746deC2797B0961,1,{'id': 'QmRakdstZdU1Mx1vYhjon8tYnv5o1dkir8v3HDBmmnCGUc'},1635089181
0x4188c45B8dfC8998Ceee2398e746deC2797B0961,1,{'id': 'QmebDo3uTVJ5bHWgYhf7CvcK7by1da1WUX4jw5uX6M7EUW'},1635089158
0xeb4135a5fff5cD44c08614f012e103a6429f65B3,2,{'id': 'QmebDo3uTVJ5bHWgYhf7CvcK7by1da1WUX4jw5uX6M7EUW'},1635089109
0x854f18D14E09Af41AA458A9DF7aa5Bd0cd3BE7E6,2,{'id': 'QmebDo3uTVJ5bHWgYhf7CvcK7by1da1WUX4jw5uX6M7EUW'},1635089061
0x1b50afeD405C9930eAe5fb3803418b03F9615B1C,2,{'id': 'QmebDo3uTVJ5bHWgYhf7CvcK7by1da1WUX4jw5uX6M7EUW'},1635089039
0x854f18D14E09Af41AA458A9DF7aa5Bd0cd3BE7E6,1,{'id': 'QmRakdstZdU1Mx1vYhjon8tYnv5o1dkir8v3HDBmmnCGUc'},1635089024
0xF8C84C6A4f1083f7a7Fd94885B303A3974116D82,1,{'id': 'QmRakdstZdU1Mx1vYhjon8tYnv5o1dkir8v3HDBmmnCGUc'},1635088957
0xF8C84C6A4f1083f7a7Fd94885B303A3974116D82,1,{'id': 'QmebDo3uTVJ5bHWgYhf7CvcK7by1da1WUX4jw5uX6M7EUW'},1635088925
0xAC9283ebcd0c41FAA7A5399Ad94acc444954b446,1,{'id': 'QmRkF9A2NigXcBBFfASnM7akNvAo6c9jgNxpt1faX6hvjK'},1635088614
0xAC9283ebcd0c41FAA7A5399Ad94acc444954b446,1,{'id': 'QmebDo3uTVJ5bHWgYhf7CvcK7by1da1WUX4jw5uX6M7EUW'},1635088588
0xAC9283ebcd0c41FAA7A5399Ad94acc444954b446,1,{'id': 'QmRakdstZdU1Mx1vYhjon8tYnv5o1dkir8v3HDBmmnCGUc'},1635088478
0xDb8D484c46cE6B0bd00f38a51b299EB129928AC0,1,{'id': 'QmRakdstZdU1Mx1vYhjon8tYnv5o1dkir8v3HDBmmnCGUc'},1635088466
0x5C7a20b1EFa9A2aB5F448b651Aa264F233076C4C,2,{'id': 'QmebDo3uTVJ5bHWgYhf7CvcK7by1da1WUX4jw5uX6M7EUW'},1635088150
0xDb8D484c46cE6B0bd00f38a51b299EB129928AC0,2,{'id': 'QmebDo3uTVJ5bHWgYhf7CvcK7by1da1WUX4jw5uX6M7EUW'},1635087811
0xDb8D484c46cE6B0bd00f38a51b299EB129928AC0,1,{'id': 'QmRkF9A2NigXcBBFfASnM7akNvAo6c9jgNxpt1faX6hvjK'},1635087256
0x80FDc30D21A672EeF723b809Ed4ba7c91728D421,1,{'id': 'QmRakdstZdU1Mx1vYhjon8tYnv5o1dkir8v3HDBmmnCGUc'},1635085869
0x80FDc30D21A672EeF723b809Ed4ba7c91728D421,2,{'id': 'QmebDo3uTVJ5bHWgYhf7CvcK7by1da1WUX4jw5uX6M7EUW'},1635085736
0xefE7a2bbe01adc090AB28eD422a359b553aAbC16,1,{'id': 'QmRakdstZdU1Mx1vYhjon8tYnv5o1dkir8v3HDBmmnCGUc'},1635084179
0xefE7a2bbe01adc090AB28eD422a359b553aAbC16,2,{'id': 'QmebDo3uTVJ5bHWgYhf7CvcK7by1da1WUX4jw5uX6M7EUW'},1635083998
0xdeEa4b6448fDdb2a8223a4af773378e047BA253D,1,{'id': 'QmRakdstZdU1Mx1vYhjon8tYnv5o1dkir8v3HDBmmnCGUc'},1635081480
0x758C5366c1C681E102C469C342EDcc8807AE0060,1,{'id': 'QmRakdstZdU1Mx1vYhjon8tYnv5o1dkir8v3HDBmmnCGUc'},1635081360
0x22bE1f5e8544e71A390cED1b6a82b477b1127Ce5,1,{'id': 'QmRakdstZdU1Mx1vYhjon8tYnv5o1dkir8v3HDBmmnCGUc'},1635081235
0xC9C03900134fa324422519852094792298c71825,1,{'id': 'QmRakdstZdU1Mx1vYhjon8tYnv5o1dkir8v3HDBmmnCGUc'},1635081209
0x4998976bDd0E873b586843b9EEb5d58a4E3B78a4,1,{'id': 'QmRkF9A2NigXcBBFfASnM7akNvAo6c9jgNxpt1faX6hvjK'},1635080489
0xC9C03900134fa324422519852094792298c71825,2,{'id': 'QmebDo3uTVJ5bHWgYhf7CvcK7by1da1WUX4jw5uX6M7EUW'},1635079034
0x74C4623d7609F3eB2665aD32Ff96B44856b6051b,1,{'id': 'QmRakdstZdU1Mx1vYhjon8tYnv5o1dkir8v3HDBmmnCGUc'},1635078359
0x74C4623d7609F3eB2665aD32Ff96B44856b6051b,2,{'id': 'QmebDo3uTVJ5bHWgYhf7CvcK7by1da1WUX4jw5uX6M7EUW'},1635078337
0xa00685C1e5dcC40Cf6b70f254C50A81774Da31dc,2,{'id': 'QmRakdstZdU1Mx1vYhjon8tYnv5o1dkir8v3HDBmmnCGUc'},1635077432
0xa00685C1e5dcC40Cf6b70f254C50A81774Da31dc,2,{'id': 'QmebDo3uTVJ5bHWgYhf7CvcK7by1da1WUX4jw5uX6M7EUW'},1635077371
0xa00685C1e5dcC40Cf6b70f254C50A81774Da31dc,1,{'id': 'QmRkF9A2NigXcBBFfASnM7akNvAo6c9jgNxpt1faX6hvjK'},1635077310
0x1A1087Bf077f74fb21fD838a8a25Cf9Fe0818450,1,{'id': 'QmRkF9A2NigXcBBFfASnM7akNvAo6c9jgNxpt1faX6hvjK'},1635077091
0x1A1087Bf077f74fb21fD838a8a25Cf9Fe0818450,2,{'id': 'QmebDo3uTVJ5bHWgYhf7CvcK7by1da1WUX4jw5uX6M7EUW'},1635077072
0xCaB5541bad35e9ee799BeA9765C3c416D8Cc1Bb8,1,{'id': 'QmebDo3uTVJ5bHWgYhf7CvcK7by1da1WUX4jw5uX6M7EUW'},1635077003
0x22e81335f9D4A609DF42f56ba5B583f565995296,2,{'id': 'QmRakdstZdU1Mx1vYhjon8tYnv5o1dkir8v3HDBmmnCGUc'},1635076998
0xCaB5541bad35e9ee799BeA9765C3c416D8Cc1Bb8,1,{'id': 'QmRkF9A2NigXcBBFfASnM7akNvAo6c9jgNxpt1faX6hvjK'},1635076965
0x1A1087Bf077f74fb21fD838a8a25Cf9Fe0818450,1,{'id': 'QmRakdstZdU1Mx1vYhjon8tYnv5o1dkir8v3HDBmmnCGUc'},1635076918
0x22e81335f9D4A609DF42f56ba5B583f565995296,1,{'id': 'QmRkF9A2NigXcBBFfASnM7akNvAo6c9jgNxpt1faX6hvjK'},1635076789
0x22e81335f9D4A609DF42f56ba5B583f565995296,2,{'id': 'QmebDo3uTVJ5bHWgYhf7CvcK7by1da1WUX4jw5uX6M7EUW'},1635076750
0xa1E91a4CF28f8C098C7bAb3093734Ad38B89f278,2,{'id': 'QmebDo3uTVJ5bHWgYhf7CvcK7by1da1WUX4jw5uX6M7EUW'},1635076678
0xa1E91a4CF28f8C098C7bAb3093734Ad38B89f278,1,{'id': 'QmRakdstZdU1Mx1vYhjon8tYnv5o1dkir8v3HDBmmnCGUc'},1635076290
0x0252d89c8781b88858d5A2dbb8b9CF613f84917D,1,{'id': 'QmRakdstZdU1Mx1vYhjon8tYnv5o1dkir8v3HDBmmnCGUc'},1635076204
0x0810C422E4abD05c752618B403d26cf60bB50B5C,1,{'id': 'QmRkF9A2NigXcBBFfASnM7akNvAo6c9jgNxpt1faX6hvjK'},1635075880
0x0810C422E4abD05c752618B403d26cf60bB50B5C,1,{'id': 'QmRakdstZdU1Mx1vYhjon8tYnv5o1dkir8v3HDBmmnCGUc'},1635075859
0x0810C422E4abD05c752618B403d26cf60bB50B5C,2,{'id': 'QmebDo3uTVJ5bHWgYhf7CvcK7by1da1WUX4jw5uX6M7EUW'},1635075730
0xF9a5844AC0b81Bc45f448F864D484E0EF5927D5f,1,{'id': 'QmRakdstZdU1Mx1vYhjon8tYnv5o1dkir8v3HDBmmnCGUc'},1635075144
0x19dd92C9A9c4Eb6f0426846C4F8a071A7b79209A,1,{'id': 'QmRakdstZdU1Mx1vYhjon8tYnv5o1dkir8v3HDBmmnCGUc'},1635074525
0x19dd92C9A9c4Eb6f0426846C4F8a071A7b79209A,2,{'id': 'QmebDo3uTVJ5bHWgYhf7CvcK7by1da1WUX4jw5uX6M7EUW'},1635074435
0x00BA3CA0B6Df1486c912893d9f288311A60ED753,1,{'id': 'QmRakdstZdU1Mx1vYhjon8tYnv5o1dkir8v3HDBmmnCGUc'},1635073698
0x00BA3CA0B6Df1486c912893d9f288311A60ED753,2,{'id': 'QmebDo3uTVJ5bHWgYhf7CvcK7by1da1WUX4jw5uX6M7EUW'},1635073223
0x00BA3CA0B6Df1486c912893d9f288311A60ED753,1,{'id': 'QmRkF9A2NigXcBBFfASnM7akNvAo6c9jgNxpt1faX6hvjK'},1635073191
0xD781F65cD90eE9418C70d1D244192C349Bf1176c,1,{'id': 'QmRakdstZdU1Mx1vYhjon8tYnv5o1dkir8v3HDBmmnCGUc'},1635072772
0xD781F65cD90eE9418C70d1D244192C349Bf1176c,1,{'id': 'QmRkF9A2NigXcBBFfASnM7akNvAo6c9jgNxpt1faX6hvjK'},1635072740
0xD781F65cD90eE9418C70d1D244192C349Bf1176c,2,{'id': 'QmebDo3uTVJ5bHWgYhf7CvcK7by1da1WUX4jw5uX6M7EUW'},1635072653
0x2067BEd542762D26E2755Ce7d8776728F3429f48,1,{'id': 'QmRakdstZdU1Mx1vYhjon8tYnv5o1dkir8v3HDBmmnCGUc'},1635072641
0x2067BEd542762D26E2755Ce7d8776728F3429f48,1,{'id': 'QmRkF9A2NigXcBBFfASnM7akNvAo6c9jgNxpt1faX6hvjK'},1635072606
0x2067BEd542762D26E2755Ce7d8776728F3429f48,2,{'id': 'QmebDo3uTVJ5bHWgYhf7CvcK7by1da1WUX4jw5uX6M7EUW'},1635072551
0x037dFD569DeFBC08aE28001159b4c49f6d006cfF,1,{'id': 'QmRkF9A2NigXcBBFfASnM7akNvAo6c9jgNxpt1faX6hvjK'},1635071152
0x037dFD569DeFBC08aE28001159b4c49f6d006cfF,2,{'id': 'QmebDo3uTVJ5bHWgYhf7CvcK7by1da1WUX4jw5uX6M7EUW'},1635071130
0x198ca1beaCF70b82c4e6dE21E8Cb7b6dA6D8477A,1,{'id': 'QmRakdstZdU1Mx1vYhjon8tYnv5o1dkir8v3HDBmmnCGUc'},1635071092
0x037dFD569DeFBC08aE28001159b4c49f6d006cfF,1,{'id': 'QmRakdstZdU1Mx1vYhjon8tYnv5o1dkir8v3HDBmmnCGUc'},1635071090
0x198ca1beaCF70b82c4e6dE21E8Cb7b6dA6D8477A,2,{'id': 'QmebDo3uTVJ5bHWgYhf7CvcK7by1da1WUX4jw5uX6M7EUW'},1635071045
0xE3ceB1966728f0f1F614365DBF5dCc84BEe36957,1,{'id': 'QmRkF9A2NigXcBBFfASnM7akNvAo6c9jgNxpt1faX6hvjK'},1635070481
0xE3ceB1966728f0f1F614365DBF5dCc84BEe36957,1,{'id': 'QmRakdstZdU1Mx1vYhjon8tYnv5o1dkir8v3HDBmmnCGUc'},1635070388
0x64B7fcC8C17540139BDd84d00c7261035602Cb66,1,{'id': 'QmRakdstZdU1Mx1vYhjon8tYnv5o1dkir8v3HDBmmnCGUc'},1635067418
0x461F635488972409981EDbD043834dbaA7239FA6,1,{'id': 'QmRakdstZdU1Mx1vYhjon8tYnv5o1dkir8v3HDBmmnCGUc'},1635066914
0x59AB3cb9CA8B7910Ba2D137A138B69bbF85bDf28,2,{'id': 'QmebDo3uTVJ5bHWgYhf7CvcK7by1da1WUX4jw5uX6M7EUW'},1635066657
0x59AB3cb9CA8B7910Ba2D137A138B69bbF85bDf28,1,{'id': 'QmRakdstZdU1Mx1vYhjon8tYnv5o1dkir8v3HDBmmnCGUc'},1635066629
0x64B7fcC8C17540139BDd84d00c7261035602Cb66,2,{'id': 'QmebDo3uTVJ5bHWgYhf7CvcK7by1da1WUX4jw5uX6M7EUW'},1635065892
0xdC6CE98A9020905973C9C026c6f3e34df9998D8A,2,{'id': 'QmebDo3uTVJ5bHWgYhf7CvcK7by1da1WUX4jw5uX6M7EUW'},1635065251
0xdC6CE98A9020905973C9C026c6f3e34df9998D8A,1,{'id': 'QmRakdstZdU1Mx1vYhjon8tYnv5o1dkir8v3HDBmmnCGUc'},1635065221
0x1CA4C34b18ECF1df4bA7E2AE0EC1FC5960C349d9,1,{'id': 'QmRakdstZdU1Mx1vYhjon8tYnv5o1dkir8v3HDBmmnCGUc'},1635062908
0x1CA4C34b18ECF1df4bA7E2AE0EC1FC5960C349d9,2,{'id': 'QmebDo3uTVJ5bHWgYhf7CvcK7by1da1WUX4jw5uX6M7EUW'},1635062736
0x9A456152E0Da127C30a49357A461f4c3F80bd630,1,{'id': 'QmRakdstZdU1Mx1vYhjon8tYnv5o1dkir8v3HDBmmnCGUc'},1635061816
0xEB2109A191f3B552A38286781B501Cf16FB1b6b8,1,{'id': 'QmRakdstZdU1Mx1vYhjon8tYnv5o1dkir8v3HDBmmnCGUc'},1635061669
0x9A456152E0Da127C30a49357A461f4c3F80bd630,2,{'id': 'QmebDo3uTVJ5bHWgYhf7CvcK7by1da1WUX4jw5uX6M7EUW'},1635061606
0x9A456152E0Da127C30a49357A461f4c3F80bd630,1,{'id': 'QmRkF9A2NigXcBBFfASnM7akNvAo6c9jgNxpt1faX6hvjK'},1635061391
0x14B30b46ec4fA1a993806bd5Dda4195C5a82353e,1,{'id': 'QmRakdstZdU1Mx1vYhjon8tYnv5o1dkir8v3HDBmmnCGUc'},1635060500
0x14B30b46ec4fA1a993806bd5Dda4195C5a82353e,2,{'id': 'QmebDo3uTVJ5bHWgYhf7CvcK7by1da1WUX4jw5uX6M7EUW'},1635060361
0x1D40cF4C11BdC78515E121f694C479F1bdA4696d,1,{'id': 'QmRakdstZdU1Mx1vYhjon8tYnv5o1dkir8v3HDBmmnCGUc'},1635057619
0x1D40cF4C11BdC78515E121f694C479F1bdA4696d,2,{'id': 'QmebDo3uTVJ5bHWgYhf7CvcK7by1da1WUX4jw5uX6M7EUW'},1635057564
0x1D40cF4C11BdC78515E121f694C479F1bdA4696d,1,{'id': 'QmRkF9A2NigXcBBFfASnM7akNvAo6c9jgNxpt1faX6hvjK'},1635057490
0x52876dAFDc67238390477Bb2403BdC8021944ddc,1,{'id': 'QmRakdstZdU1Mx1vYhjon8tYnv5o1dkir8v3HDBmmnCGUc'},1635052967
0xab4382aAdae5bF4b37B90b9dc07FC72D52e2a28A,1,{'id': 'QmRakdstZdU1Mx1vYhjon8tYnv5o1dkir8v3HDBmmnCGUc'},1635052924
0x52876dAFDc67238390477Bb2403BdC8021944ddc,2,{'id': 'QmebDo3uTVJ5bHWgYhf7CvcK7by1da1WUX4jw5uX6M7EUW'},1635052842
0xab4382aAdae5bF4b37B90b9dc07FC72D52e2a28A,2,{'id': 'QmebDo3uTVJ5bHWgYhf7CvcK7by1da1WUX4jw5uX6M7EUW'},1635052802
0x73Cbc02516f5F4945cE2F2fACf002b2c6aA359e7,1,{'id': 'QmRakdstZdU1Mx1vYhjon8tYnv5o1dkir8v3HDBmmnCGUc'},1635051764
0x73Cbc02516f5F4945cE2F2fACf002b2c6aA359e7,2,{'id': 'QmebDo3uTVJ5bHWgYhf7CvcK7by1da1WUX4jw5uX6M7EUW'},1635051599
0x4e4842749E799B384601489f1653213d86C31E1B,1,{'id': 'QmRakdstZdU1Mx1vYhjon8tYnv5o1dkir8v3HDBmmnCGUc'},1635050918
0x4e4842749E799B384601489f1653213d86C31E1B,2,{'id': 'QmebDo3uTVJ5bHWgYhf7CvcK7by1da1WUX4jw5uX6M7EUW'},1635050822
0xb3a7FBC2fa38C18ad4433aE93FE7F215Fd2D057f,1,{'id': 'QmRakdstZdU1Mx1vYhjon8tYnv5o1dkir8v3HDBmmnCGUc'},1635049804
0xb3a7FBC2fa38C18ad4433aE93FE7F215Fd2D057f,2,{'id': 'QmebDo3uTVJ5bHWgYhf7CvcK7by1da1WUX4jw5uX6M7EUW'},1635049459
0x8061199A31983A077E691C08B2263a4CF5c24093,1,{'id': 'QmRakdstZdU1Mx1vYhjon8tYnv5o1dkir8v3HDBmmnCGUc'},1635049327
0x8061199A31983A077E691C08B2263a4CF5c24093,1,{'id': 'QmebDo3uTVJ5bHWgYhf7CvcK7by1da1WUX4jw5uX6M7EUW'},1635049287
0x4E7A35E672256F854D4e0a8851CD7965b8B53D67,1,{'id': 'QmRakdstZdU1Mx1vYhjon8tYnv5o1dkir8v3HDBmmnCGUc'},1635048303
0x4E7A35E672256F854D4e0a8851CD7965b8B53D67,1,{'id': 'QmebDo3uTVJ5bHWgYhf7CvcK7by1da1WUX4jw5uX6M7EUW'},1635048279
0x555c929D0f0162B6A434d924865Cf10b667F98E2,1,{'id': 'QmRakdstZdU1Mx1vYhjon8tYnv5o1dkir8v3HDBmmnCGUc'},1635045002
0xA742A54E0b9Cd1Cac03c8F569bA4C606694261f9,1,{'id': 'QmRkF9A2NigXcBBFfASnM7akNvAo6c9jgNxpt1faX6hvjK'},1635044480
0xA742A54E0b9Cd1Cac03c8F569bA4C606694261f9,1,{'id': 'QmRakdstZdU1Mx1vYhjon8tYnv5o1dkir8v3HDBmmnCGUc'},1635043536
0xA742A54E0b9Cd1Cac03c8F569bA4C606694261f9,2,{'id': 'QmebDo3uTVJ5bHWgYhf7CvcK7by1da1WUX4jw5uX6M7EUW'},1635043457
0x83111e1888C1e49e8703e248EDEAA34EF868A1DE,1,{'id': 'QmRakdstZdU1Mx1vYhjon8tYnv5o1dkir8v3HDBmmnCGUc'},1635043409
0x83111e1888C1e49e8703e248EDEAA34EF868A1DE,2,{'id': 'QmebDo3uTVJ5bHWgYhf7CvcK7by1da1WUX4jw5uX6M7EUW'},1635043155
0x4796E4aFD565e43B7267F1688ec09B6A246cB5fc,1,{'id': 'QmRakdstZdU1Mx1vYhjon8tYnv5o1dkir8v3HDBmmnCGUc'},1635042305
0x4796E4aFD565e43B7267F1688ec09B6A246cB5fc,2,{'id': 'QmebDo3uTVJ5bHWgYhf7CvcK7by1da1WUX4jw5uX6M7EUW'},1635042184
0xcFF03aB20709c928d7478764473e386F7b23EDD1,1,{'id': 'QmRkF9A2NigXcBBFfASnM7akNvAo6c9jgNxpt1faX6hvjK'},1635041632
0xBA7e9Bb153F9c4C32903b721eB53B751E2c0bF12,1,{'id': 'QmRakdstZdU1Mx1vYhjon8tYnv5o1dkir8v3HDBmmnCGUc'},1635041605
0xDd956ab0f6020c2Be35be89C54Ba8841E290f778,1,{'id': 'QmRakdstZdU1Mx1vYhjon8tYnv5o1dkir8v3HDBmmnCGUc'},1635041569
0xE3ceB1966728f0f1F614365DBF5dCc84BEe36957,2,{'id': 'QmebDo3uTVJ5bHWgYhf7CvcK7by1da1WUX4jw5uX6M7EUW'},1635041562
0xcFF03aB20709c928d7478764473e386F7b23EDD1,2,{'id': 'QmebDo3uTVJ5bHWgYhf7CvcK7by1da1WUX4jw5uX6M7EUW'},1635041547
0xcFF03aB20709c928d7478764473e386F7b23EDD1,1,{'id': 'QmRakdstZdU1Mx1vYhjon8tYnv5o1dkir8v3HDBmmnCGUc'},1635041494
0xFd28D67eD154B734257276e5d090721434bd51A4,1,{'id': 'QmRakdstZdU1Mx1vYhjon8tYnv5o1dkir8v3HDBmmnCGUc'},1635041237
0xFd28D67eD154B734257276e5d090721434bd51A4,2,{'id': 'QmebDo3uTVJ5bHWgYhf7CvcK7by1da1WUX4jw5uX6M7EUW'},1635041124
0x1754352eacb753327Fec2d4F48f0fb36B672C5e0,1,{'id': 'QmRakdstZdU1Mx1vYhjon8tYnv5o1dkir8v3HDBmmnCGUc'},1635041110
0x1754352eacb753327Fec2d4F48f0fb36B672C5e0,2,{'id': 'QmebDo3uTVJ5bHWgYhf7CvcK7by1da1WUX4jw5uX6M7EUW'},1635041010
0xFd28D67eD154B734257276e5d090721434bd51A4,1,{'id': 'QmRkF9A2NigXcBBFfASnM7akNvAo6c9jgNxpt1faX6hvjK'},1635040941
0x1754352eacb753327Fec2d4F48f0fb36B672C5e0,1,{'id': 'QmRkF9A2NigXcBBFfASnM7akNvAo6c9jgNxpt1faX6hvjK'},1635040919
0x4D04EB67A2D1e01c71FAd0366E0C200207A75487,2,{'id': 'QmebDo3uTVJ5bHWgYhf7CvcK7by1da1WUX4jw5uX6M7EUW'},1635040411
0x58E603d9824976F7a3940C6B408F0Ffa523a216C,1,{'id': 'QmRakdstZdU1Mx1vYhjon8tYnv5o1dkir8v3HDBmmnCGUc'},1635040233
0x4998976bDd0E873b586843b9EEb5d58a4E3B78a4,1,{'id': 'QmRakdstZdU1Mx1vYhjon8tYnv5o1dkir8v3HDBmmnCGUc'},1635040185
0x58E603d9824976F7a3940C6B408F0Ffa523a216C,2,{'id': 'QmebDo3uTVJ5bHWgYhf7CvcK7by1da1WUX4jw5uX6M7EUW'},1635040098
0x4998976bDd0E873b586843b9EEb5d58a4E3B78a4,2,{'id': 'QmebDo3uTVJ5bHWgYhf7CvcK7by1da1WUX4jw5uX6M7EUW'},1635039995
0x7c2848826de6bA917FdCA23cCf5c2C3e1CB031f6,1,{'id': 'QmRakdstZdU1Mx1vYhjon8tYnv5o1dkir8v3HDBmmnCGUc'},1635039518
0x7c2848826de6bA917FdCA23cCf5c2C3e1CB031f6,2,{'id': 'QmebDo3uTVJ5bHWgYhf7CvcK7by1da1WUX4jw5uX6M7EUW'},1635039480
0x7c2848826de6bA917FdCA23cCf5c2C3e1CB031f6,1,{'id': 'QmRkF9A2NigXcBBFfASnM7akNvAo6c9jgNxpt1faX6hvjK'},1635039374
0x477c8ece9393713D258169Aa50cDaF27E422214d,1,{'id': 'QmebDo3uTVJ5bHWgYhf7CvcK7by1da1WUX4jw5uX6M7EUW'},1635039364
0x477c8ece9393713D258169Aa50cDaF27E422214d,1,{'id': 'QmRakdstZdU1Mx1vYhjon8tYnv5o1dkir8v3HDBmmnCGUc'},1635039350
0x22Ef6D99F400cac50CEAb09e6ac3AE6882ba0B6c,1,{'id': 'QmRakdstZdU1Mx1vYhjon8tYnv5o1dkir8v3HDBmmnCGUc'},1635037431
0x22Ef6D99F400cac50CEAb09e6ac3AE6882ba0B6c,2,{'id': 'QmebDo3uTVJ5bHWgYhf7CvcK7by1da1WUX4jw5uX6M7EUW'},1635037395
0x79939118Ef2af99E20310eCC5CCC0E9697d390FC,1,{'id': 'QmRakdstZdU1Mx1vYhjon8tYnv5o1dkir8v3HDBmmnCGUc'},1635036643
0x79939118Ef2af99E20310eCC5CCC0E9697d390FC,2,{'id': 'QmebDo3uTVJ5bHWgYhf7CvcK7by1da1WUX4jw5uX6M7EUW'},1635036597
0x1146f36Cf74fBB2971DcDA652d0a3f4289a39d53,1,{'id': 'QmRakdstZdU1Mx1vYhjon8tYnv5o1dkir8v3HDBmmnCGUc'},1635036416
0x1146f36Cf74fBB2971DcDA652d0a3f4289a39d53,2,{'id': 'QmebDo3uTVJ5bHWgYhf7CvcK7by1da1WUX4jw5uX6M7EUW'},1635036336
0xF9a5844AC0b81Bc45f448F864D484E0EF5927D5f,2,{'id': 'QmebDo3uTVJ5bHWgYhf7CvcK7by1da1WUX4jw5uX6M7EUW'},1635036280
0x1146f36Cf74fBB2971DcDA652d0a3f4289a39d53,1,{'id': 'QmRkF9A2NigXcBBFfASnM7akNvAo6c9jgNxpt1faX6hvjK'},1635036231
0xF9a5844AC0b81Bc45f448F864D484E0EF5927D5f,1,{'id': 'QmRkF9A2NigXcBBFfASnM7akNvAo6c9jgNxpt1faX6hvjK'},1635036210
0x303e62Da5454c9932EFCBfE5002922f3A98F34a2,2,{'id': 'QmebDo3uTVJ5bHWgYhf7CvcK7by1da1WUX4jw5uX6M7EUW'},1635035967
0xdeEa4b6448fDdb2a8223a4af773378e047BA253D,2,{'id': 'QmebDo3uTVJ5bHWgYhf7CvcK7by1da1WUX4jw5uX6M7EUW'},1635035787
0x32F41B50f8d569f22DFFeDc0F17210fb49350784,1,{'id': 'QmRkF9A2NigXcBBFfASnM7akNvAo6c9jgNxpt1faX6hvjK'},1635026335
0x1CA4C34b18ECF1df4bA7E2AE0EC1FC5960C349d9,1,{'id': 'QmRkF9A2NigXcBBFfASnM7akNvAo6c9jgNxpt1faX6hvjK'},1635024624
0xEB2109A191f3B552A38286781B501Cf16FB1b6b8,1,{'id': 'QmRkF9A2NigXcBBFfASnM7akNvAo6c9jgNxpt1faX6hvjK'},1635023092
0x41587094C1Ba4463e29E772aE03BF9a132e8809C,2,{'id': 'QmWnu4hqF2x5uyydWGSXzBmLEiVivXZWLLsh1DHFpjEeQC'},1635022266
0x41587094C1Ba4463e29E772aE03BF9a132e8809C,3,{'id': 'Qmc6ucVT1XQArcKQLRKmzFqoXkXHpnSJgjD9inCSUb2c8X'},1635022242
0x56FcfEb7D7Afa46C9aA58F08a04Fbb11Eb27808C,1,{'id': 'QmRkF9A2NigXcBBFfASnM7akNvAo6c9jgNxpt1faX6hvjK'},1635017928
0xeb4135a5fff5cD44c08614f012e103a6429f65B3,1,{'id': 'QmRkF9A2NigXcBBFfASnM7akNvAo6c9jgNxpt1faX6hvjK'},1635014821
0x1b50afeD405C9930eAe5fb3803418b03F9615B1C,1,{'id': 'QmRkF9A2NigXcBBFfASnM7akNvAo6c9jgNxpt1faX6hvjK'},1635013950
0xa1E91a4CF28f8C098C7bAb3093734Ad38B89f278,1,{'id': 'QmRkF9A2NigXcBBFfASnM7akNvAo6c9jgNxpt1faX6hvjK'},1635013810
0x215C44804627920a72692b20c6DC80deBa946cF2,1,{'id': 'QmRkF9A2NigXcBBFfASnM7akNvAo6c9jgNxpt1faX6hvjK'},1635011356
0xe7B15A2395d3a3073217F85367D16eED8C2539c9,1,{'id': 'QmRkF9A2NigXcBBFfASnM7akNvAo6c9jgNxpt1faX6hvjK'},1635010351
0xc4d6fdEA25346267441622FeB0e2618544Cef228,1,{'id': 'QmRkF9A2NigXcBBFfASnM7akNvAo6c9jgNxpt1faX6hvjK'},1635004154
0x7Cfed2A2d4a98680daC6aA55120f5AF2EC562EbD,1,{'id': 'QmRkF9A2NigXcBBFfASnM7akNvAo6c9jgNxpt1faX6hvjK'},1635003544
0x79939118Ef2af99E20310eCC5CCC0E9697d390FC,1,{'id': 'QmRkF9A2NigXcBBFfASnM7akNvAo6c9jgNxpt1faX6hvjK'},1634996550
0x59AB3cb9CA8B7910Ba2D137A138B69bbF85bDf28,1,{'id': 'QmRkF9A2NigXcBBFfASnM7akNvAo6c9jgNxpt1faX6hvjK'},1634992374
0x08B48e886349a289da156515083c119962395055,3,{'id': 'Qmc6ucVT1XQArcKQLRKmzFqoXkXHpnSJgjD9inCSUb2c8X'},1634988280
0x08B48e886349a289da156515083c119962395055,1,{'id': 'QmRkF9A2NigXcBBFfASnM7akNvAo6c9jgNxpt1faX6hvjK'},1634988084
0x64B7fcC8C17540139BDd84d00c7261035602Cb66,1,{'id': 'QmRkF9A2NigXcBBFfASnM7akNvAo6c9jgNxpt1faX6hvjK'},1634986605
0xb3a7FBC2fa38C18ad4433aE93FE7F215Fd2D057f,1,{'id': 'QmRkF9A2NigXcBBFfASnM7akNvAo6c9jgNxpt1faX6hvjK'},1634982317
0x41c0F529F559c6A3ddc324Cd86A6D0c75b50c949,1,{'id': 'QmRkF9A2NigXcBBFfASnM7akNvAo6c9jgNxpt1faX6hvjK'},1634982184
0xdb4D88080ED478c729B07E23f8e0ccD1f57D3f9B,1,{'id': 'QmRkF9A2NigXcBBFfASnM7akNvAo6c9jgNxpt1faX6hvjK'},1634980861
0x2346B18e56010272035e8eA7CF4C757Fc4E3f46a,1,{'id': 'QmRkF9A2NigXcBBFfASnM7akNvAo6c9jgNxpt1faX6hvjK'},1634979905
0xB6fcA91D1c166564cC9888F96b3B553f42C96349,3,{'id': 'Qmc6ucVT1XQArcKQLRKmzFqoXkXHpnSJgjD9inCSUb2c8X'},1634973171
0xB6fcA91D1c166564cC9888F96b3B553f42C96349,1,{'id': 'QmRkF9A2NigXcBBFfASnM7akNvAo6c9jgNxpt1faX6hvjK'},1634973116
0xb11C0Ad983cf3c4912FD37809522A81aAaD3b1ee,1,{'id': 'QmRkF9A2NigXcBBFfASnM7akNvAo6c9jgNxpt1faX6hvjK'},1634971756
0x354D6F97482C3e533bbdd3AdF65570B3D172C9aD,1,{'id': 'QmRkF9A2NigXcBBFfASnM7akNvAo6c9jgNxpt1faX6hvjK'},1634961638
0x52876dAFDc67238390477Bb2403BdC8021944ddc,1,{'id': 'QmRkF9A2NigXcBBFfASnM7akNvAo6c9jgNxpt1faX6hvjK'},1634961398
0x58E603d9824976F7a3940C6B408F0Ffa523a216C,1,{'id': 'QmRkF9A2NigXcBBFfASnM7akNvAo6c9jgNxpt1faX6hvjK'},1634961130
0xF3B7A54e74817003aF1Ce65e65EC0A54C76A86ef,1,{'id': 'QmRkF9A2NigXcBBFfASnM7akNvAo6c9jgNxpt1faX6hvjK'},1634947703
0xeC5c16f3EAF86a801a3E89201DD39bDDD1786cBF,1,{'id': 'QmRkF9A2NigXcBBFfASnM7akNvAo6c9jgNxpt1faX6hvjK'},1634946256
0xB6E994d559a13560343Ab6dFE58b4c46AeE8705f,1,{'id': 'QmRkF9A2NigXcBBFfASnM7akNvAo6c9jgNxpt1faX6hvjK'},1634942062
0xdeEa4b6448fDdb2a8223a4af773378e047BA253D,1,{'id': 'QmRkF9A2NigXcBBFfASnM7akNvAo6c9jgNxpt1faX6hvjK'},1634941137
0x74C4623d7609F3eB2665aD32Ff96B44856b6051b,1,{'id': 'QmRkF9A2NigXcBBFfASnM7akNvAo6c9jgNxpt1faX6hvjK'},1634932152
0x82703281e7ff09CD2492Ddb6B8c5Fa645efDA819,1,{'id': 'QmRkF9A2NigXcBBFfASnM7akNvAo6c9jgNxpt1faX6hvjK'},1634930374
0x3070f20f86fDa706Ac380F5060D256028a46eC29,1,{'id': 'QmRkF9A2NigXcBBFfASnM7akNvAo6c9jgNxpt1faX6hvjK'},1634926377
0x8fe4e9F56152Cece6771Fd01A1ef596cAEC3EDBf,1,{'id': 'QmRkF9A2NigXcBBFfASnM7akNvAo6c9jgNxpt1faX6hvjK'},1634925695
0x5C7a20b1EFa9A2aB5F448b651Aa264F233076C4C,2,{'id': 'QmWnu4hqF2x5uyydWGSXzBmLEiVivXZWLLsh1DHFpjEeQC'},1634923080
0x22bE1f5e8544e71A390cED1b6a82b477b1127Ce5,1,{'id': 'QmRkF9A2NigXcBBFfASnM7akNvAo6c9jgNxpt1faX6hvjK'},1634919381
0x5C7a20b1EFa9A2aB5F448b651Aa264F233076C4C,1,{'id': 'QmRkF9A2NigXcBBFfASnM7akNvAo6c9jgNxpt1faX6hvjK'},1634918167
0xedf4FA418216A13E7629fED73e7448985CC8Bc82,1,{'id': 'QmRkF9A2NigXcBBFfASnM7akNvAo6c9jgNxpt1faX6hvjK'},1634917219
0xFB9e5F5874565A6eF8FCF1DEbc4975501331a8Ca,1,{'id': 'QmRkF9A2NigXcBBFfASnM7akNvAo6c9jgNxpt1faX6hvjK'},1634915824
0xD6ccB9d49A2ecd78efC35D6C733214029a1C74cB,1,{'id': 'QmRkF9A2NigXcBBFfASnM7akNvAo6c9jgNxpt1faX6hvjK'},1634915261
0x22Ef6D99F400cac50CEAb09e6ac3AE6882ba0B6c,1,{'id': 'QmRkF9A2NigXcBBFfASnM7akNvAo6c9jgNxpt1faX6hvjK'},1634914834
0x38dAEa6f17E4308b0Da9647dB9ca6D84a3A7E195,2,{'id': 'QmWnu4hqF2x5uyydWGSXzBmLEiVivXZWLLsh1DHFpjEeQC'},1634898454
0x38dAEa6f17E4308b0Da9647dB9ca6D84a3A7E195,3,{'id': 'Qmc6ucVT1XQArcKQLRKmzFqoXkXHpnSJgjD9inCSUb2c8X'},1634898439
0x05553bA4d6c81d877543A168E3238C07978Cc083,2,{'id': 'QmWnu4hqF2x5uyydWGSXzBmLEiVivXZWLLsh1DHFpjEeQC'},1634881578
0x05553bA4d6c81d877543A168E3238C07978Cc083,3,{'id': 'Qmc6ucVT1XQArcKQLRKmzFqoXkXHpnSJgjD9inCSUb2c8X'},1634881548
0xd0d51Df159971CEEF5B77067237d25B8C8ec4B21,3,{'id': 'Qmc6ucVT1XQArcKQLRKmzFqoXkXHpnSJgjD9inCSUb2c8X'},1634849556
0xdf67361193D52EE42CB759eb98Ce2c7978DD440E,2,{'id': 'QmWnu4hqF2x5uyydWGSXzBmLEiVivXZWLLsh1DHFpjEeQC'},1634841721
0xdf67361193D52EE42CB759eb98Ce2c7978DD440E,3,{'id': 'Qmc6ucVT1XQArcKQLRKmzFqoXkXHpnSJgjD9inCSUb2c8X'},1634841704
0x19a61e7238270CA99F931C08D7BcfF1984F38AE4,3,{'id': 'Qmc6ucVT1XQArcKQLRKmzFqoXkXHpnSJgjD9inCSUb2c8X'},1634823220
0xdAc7a91516112703448B5d1fbC8B679fcE838E8A,2,{'id': 'QmWnu4hqF2x5uyydWGSXzBmLEiVivXZWLLsh1DHFpjEeQC'},1634822522
0x34F2aC0DD90b768b382e981E50312333A7A1A69D,1,{'id': 'QmWnu4hqF2x5uyydWGSXzBmLEiVivXZWLLsh1DHFpjEeQC'},1634822430
0xc6E4Ad3ccdfC65687D2d60a454a8bdDc1F4d6c06,2,{'id': 'QmWnu4hqF2x5uyydWGSXzBmLEiVivXZWLLsh1DHFpjEeQC'},1634801209
0xc6E4Ad3ccdfC65687D2d60a454a8bdDc1F4d6c06,3,{'id': 'Qmc6ucVT1XQArcKQLRKmzFqoXkXHpnSJgjD9inCSUb2c8X'},1634801192
0x1Ec289BD5F002B7969887b8E18a1625052a67D0d,3,{'id': 'Qmc6ucVT1XQArcKQLRKmzFqoXkXHpnSJgjD9inCSUb2c8X'},1634773338
0x1Ec289BD5F002B7969887b8E18a1625052a67D0d,2,{'id': 'QmWnu4hqF2x5uyydWGSXzBmLEiVivXZWLLsh1DHFpjEeQC'},1634773304
0x08e0F0DE1e81051826464043e7Ae513457B27a86,3,{'id': 'Qmc6ucVT1XQArcKQLRKmzFqoXkXHpnSJgjD9inCSUb2c8X'},1634764957
0x3a652f60622d22cDE49dE3D9B5E9D0dCd4D6C32a,2,{'id': 'QmWnu4hqF2x5uyydWGSXzBmLEiVivXZWLLsh1DHFpjEeQC'},1634753932
0x3a652f60622d22cDE49dE3D9B5E9D0dCd4D6C32a,3,{'id': 'Qmc6ucVT1XQArcKQLRKmzFqoXkXHpnSJgjD9inCSUb2c8X'},1634753917
0x7ccf173012bfE53F16F4D6A2a4aea32abAfcD04C,3,{'id': 'Qmc6ucVT1XQArcKQLRKmzFqoXkXHpnSJgjD9inCSUb2c8X'},1634752756
0x98026cCe01f9A30A7D645F5a9FcDcD7f83DFa995,2,{'id': 'QmWnu4hqF2x5uyydWGSXzBmLEiVivXZWLLsh1DHFpjEeQC'},1634746821
0x7689F17560b5eE53799f0b37C975927E1258fbB5,2,{'id': 'QmWnu4hqF2x5uyydWGSXzBmLEiVivXZWLLsh1DHFpjEeQC'},1634746804
0x7689F17560b5eE53799f0b37C975927E1258fbB5,3,{'id': 'Qmc6ucVT1XQArcKQLRKmzFqoXkXHpnSJgjD9inCSUb2c8X'},1634746773
0x98026cCe01f9A30A7D645F5a9FcDcD7f83DFa995,3,{'id': 'Qmc6ucVT1XQArcKQLRKmzFqoXkXHpnSJgjD9inCSUb2c8X'},1634746751
0xEB2109A191f3B552A38286781B501Cf16FB1b6b8,3,{'id': 'Qmc6ucVT1XQArcKQLRKmzFqoXkXHpnSJgjD9inCSUb2c8X'},1634744622
0x8f9f865Aafd6487C7aC45a22bbb9278f8fc06d47,3,{'id': 'Qmc6ucVT1XQArcKQLRKmzFqoXkXHpnSJgjD9inCSUb2c8X'},1634736743
0x1146f36Cf74fBB2971DcDA652d0a3f4289a39d53,3,{'id': 'Qmc6ucVT1XQArcKQLRKmzFqoXkXHpnSJgjD9inCSUb2c8X'},1634734415
0xBA7e9Bb153F9c4C32903b721eB53B751E2c0bF12,2,{'id': 'QmWnu4hqF2x5uyydWGSXzBmLEiVivXZWLLsh1DHFpjEeQC'},1634721911
0x4929f4d38F2955649b5aa34343da04cf790B9D92,2,{'id': 'QmWnu4hqF2x5uyydWGSXzBmLEiVivXZWLLsh1DHFpjEeQC'},1634713657
0x4929f4d38F2955649b5aa34343da04cf790B9D92,3,{'id': 'Qmc6ucVT1XQArcKQLRKmzFqoXkXHpnSJgjD9inCSUb2c8X'},1634713623
0xDd956ab0f6020c2Be35be89C54Ba8841E290f778,1,{'id': 'Qmc6ucVT1XQArcKQLRKmzFqoXkXHpnSJgjD9inCSUb2c8X'},1634702384
0x14B30b46ec4fA1a993806bd5Dda4195C5a82353e,3,{'id': 'Qmc6ucVT1XQArcKQLRKmzFqoXkXHpnSJgjD9inCSUb2c8X'},1634698577
0x1c1A631450FF768b6355180538a5C09Ee9774F34,3,{'id': 'Qmc6ucVT1XQArcKQLRKmzFqoXkXHpnSJgjD9inCSUb2c8X'},1634681758
0x1c1A631450FF768b6355180538a5C09Ee9774F34,2,{'id': 'QmWnu4hqF2x5uyydWGSXzBmLEiVivXZWLLsh1DHFpjEeQC'},1634681679
0x7E938881C1b33af6E774b27908B32F28D5B35b9C,3,{'id': 'Qmc6ucVT1XQArcKQLRKmzFqoXkXHpnSJgjD9inCSUb2c8X'},1634672915
0x037dFD569DeFBC08aE28001159b4c49f6d006cfF,3,{'id': 'Qmc6ucVT1XQArcKQLRKmzFqoXkXHpnSJgjD9inCSUb2c8X'},1634671858
0xFB774c7031d3401803dB7984e9f2c2dDC8FA95a2,3,{'id': 'Qmc6ucVT1XQArcKQLRKmzFqoXkXHpnSJgjD9inCSUb2c8X'},1634670977
0x80658E3657882cFa73fff0eb20c92Aa5E948230C,2,{'id': 'QmWnu4hqF2x5uyydWGSXzBmLEiVivXZWLLsh1DHFpjEeQC'},1634668984
0x3070f20f86fDa706Ac380F5060D256028a46eC29,3,{'id': 'Qmc6ucVT1XQArcKQLRKmzFqoXkXHpnSJgjD9inCSUb2c8X'},1634665936
0x0056D1fd2ca3c0F3A7B6ed6CDd1F1F104B4BF9A9,2,{'id': 'QmWnu4hqF2x5uyydWGSXzBmLEiVivXZWLLsh1DHFpjEeQC'},1634660168
0x0056D1fd2ca3c0F3A7B6ed6CDd1F1F104B4BF9A9,3,{'id': 'Qmc6ucVT1XQArcKQLRKmzFqoXkXHpnSJgjD9inCSUb2c8X'},1634653536
0x73B3cE33d3750fcEe9aaB1200B80c5AA66B4b5fa,2,{'id': 'QmWnu4hqF2x5uyydWGSXzBmLEiVivXZWLLsh1DHFpjEeQC'},1634641428
0x73B3cE33d3750fcEe9aaB1200B80c5AA66B4b5fa,3,{'id': 'Qmc6ucVT1XQArcKQLRKmzFqoXkXHpnSJgjD9inCSUb2c8X'},1634641406
0xbC60AA031a9f34BD7992c99eaE5e2C4Dd1b5dBc3,2,{'id': 'QmWnu4hqF2x5uyydWGSXzBmLEiVivXZWLLsh1DHFpjEeQC'},1634632508
0xfA2167f72E23d818637e265De1351Ff26f1b2589,2,{'id': 'QmWnu4hqF2x5uyydWGSXzBmLEiVivXZWLLsh1DHFpjEeQC'},1634628269
0xfA2167f72E23d818637e265De1351Ff26f1b2589,3,{'id': 'Qmc6ucVT1XQArcKQLRKmzFqoXkXHpnSJgjD9inCSUb2c8X'},1634628193
0x7dd508a1e4Da1243789B799a480f8B45e58b1B5b,3,{'id': 'Qmc6ucVT1XQArcKQLRKmzFqoXkXHpnSJgjD9inCSUb2c8X'},1634626279
0x91B26b4B49525fDFfff2B099190149a52A36c3cA,1,{'id': 'Qmc6ucVT1XQArcKQLRKmzFqoXkXHpnSJgjD9inCSUb2c8X'},1634624423
0x82703281e7ff09CD2492Ddb6B8c5Fa645efDA819,3,{'id': 'Qmc6ucVT1XQArcKQLRKmzFqoXkXHpnSJgjD9inCSUb2c8X'},1634620459
0x82703281e7ff09CD2492Ddb6B8c5Fa645efDA819,2,{'id': 'QmWnu4hqF2x5uyydWGSXzBmLEiVivXZWLLsh1DHFpjEeQC'},1634620395
0x7E938881C1b33af6E774b27908B32F28D5B35b9C,2,{'id': 'QmWnu4hqF2x5uyydWGSXzBmLEiVivXZWLLsh1DHFpjEeQC'},1634599744
0xce56D6b89aBa96C43E8FbF02C3BF34A751952c19,2,{'id': 'QmWnu4hqF2x5uyydWGSXzBmLEiVivXZWLLsh1DHFpjEeQC'},1634597360
0xce56D6b89aBa96C43E8FbF02C3BF34A751952c19,3,{'id': 'Qmc6ucVT1XQArcKQLRKmzFqoXkXHpnSJgjD9inCSUb2c8X'},1634597325
0x43079513eBD84AFb15BE79021C420Fe8055Bc635,3,{'id': 'Qmc6ucVT1XQArcKQLRKmzFqoXkXHpnSJgjD9inCSUb2c8X'},1634597270
0xB478d2e5D241683667e15c9c79a2Bc0e5aF35923,3,{'id': 'Qmc6ucVT1XQArcKQLRKmzFqoXkXHpnSJgjD9inCSUb2c8X'},1634584208
0xD9A0013af48591f8524280D6f8f98189cef45308,2,{'id': 'QmWnu4hqF2x5uyydWGSXzBmLEiVivXZWLLsh1DHFpjEeQC'},1634583246
0xE26EDCA05417A65819295c49fC67272Ab247D791,3,{'id': 'Qmc6ucVT1XQArcKQLRKmzFqoXkXHpnSJgjD9inCSUb2c8X'},1634582764
0xD9A0013af48591f8524280D6f8f98189cef45308,3,{'id': 'Qmc6ucVT1XQArcKQLRKmzFqoXkXHpnSJgjD9inCSUb2c8X'},1634582721
0xedf4FA418216A13E7629fED73e7448985CC8Bc82,2,{'id': 'QmWnu4hqF2x5uyydWGSXzBmLEiVivXZWLLsh1DHFpjEeQC'},1634577768
0x0810C422E4abD05c752618B403d26cf60bB50B5C,2,{'id': 'QmWnu4hqF2x5uyydWGSXzBmLEiVivXZWLLsh1DHFpjEeQC'},1634573296
0xD781F65cD90eE9418C70d1D244192C349Bf1176c,3,{'id': 'Qmc6ucVT1XQArcKQLRKmzFqoXkXHpnSJgjD9inCSUb2c8X'},1634478844
0xCaB5541bad35e9ee799BeA9765C3c416D8Cc1Bb8,2,{'id': 'QmWnu4hqF2x5uyydWGSXzBmLEiVivXZWLLsh1DHFpjEeQC'},1634133389
0xCaB5541bad35e9ee799BeA9765C3c416D8Cc1Bb8,1,{'id': 'Qmc6ucVT1XQArcKQLRKmzFqoXkXHpnSJgjD9inCSUb2c8X'},1634130959
0xedf4FA418216A13E7629fED73e7448985CC8Bc82,3,{'id': 'Qmc6ucVT1XQArcKQLRKmzFqoXkXHpnSJgjD9inCSUb2c8X'},1634106514
0x8a1ec127978bCC7499b2A188Df2Bd1810F522Ac7,2,{'id': 'QmWnu4hqF2x5uyydWGSXzBmLEiVivXZWLLsh1DHFpjEeQC'},1633809529
0xD0190738C574436F994e436dE438a55c4aC7A454,1,{'id': 'QmRoBy3fXHQkRyUEY48a33CpT1gvXRLNLbtitkMkHphJAD'},1633489329
0xDd956ab0f6020c2Be35be89C54Ba8841E290f778,1,{'id': 'QmRoBy3fXHQkRyUEY48a33CpT1gvXRLNLbtitkMkHphJAD'},1633489315
0x4E7A35E672256F854D4e0a8851CD7965b8B53D67,1,{'id': 'QmWnu4hqF2x5uyydWGSXzBmLEiVivXZWLLsh1DHFpjEeQC'},1633412042
0xDFE7ad3E0cc6fb0798e66C67C72927C49fc42478,2,{'id': 'QmWnu4hqF2x5uyydWGSXzBmLEiVivXZWLLsh1DHFpjEeQC'},1633373954
0xa972691EF44eb3bad4a015399BA43a00EaD047f8,2,{'id': 'QmWnu4hqF2x5uyydWGSXzBmLEiVivXZWLLsh1DHFpjEeQC'},1633372430
0x05553bA4d6c81d877543A168E3238C07978Cc083,1,{'id': 'QmRoBy3fXHQkRyUEY48a33CpT1gvXRLNLbtitkMkHphJAD'},1633355248
0x7Cfed2A2d4a98680daC6aA55120f5AF2EC562EbD,2,{'id': 'QmWnu4hqF2x5uyydWGSXzBmLEiVivXZWLLsh1DHFpjEeQC'},1633353453
0xb6Bc98F5D7F6CE3c0946f7675128ab673e6c5D41,2,{'id': 'QmWnu4hqF2x5uyydWGSXzBmLEiVivXZWLLsh1DHFpjEeQC'},1633351782
0xd27d90b337717Fd91C4D409F712B890D4eE2FdD6,1,{'id': 'QmRoBy3fXHQkRyUEY48a33CpT1gvXRLNLbtitkMkHphJAD'},1633351736
0x7763D4CE482C35B59AA0fc48Ae2EABd00F60b82e,1,{'id': 'QmRoBy3fXHQkRyUEY48a33CpT1gvXRLNLbtitkMkHphJAD'},1633251999
0x354D6F97482C3e533bbdd3AdF65570B3D172C9aD,1,{'id': 'QmRoBy3fXHQkRyUEY48a33CpT1gvXRLNLbtitkMkHphJAD'},1633169627
0xc9153d97b103F6Df5fbD8239Be4F036a2734a46E,1,{'id': 'QmUVD7fRbV1t3NErKmYDLw3QThGm1E2ymcQyHecNDbBMBC'},1631546020
0x20A34034AA95abF8C98d5a6fbCeCE22093c78C49,1,{'id': 'QmUVD7fRbV1t3NErKmYDLw3QThGm1E2ymcQyHecNDbBMBC'},1631298075
0xCC8714Ef555346c73bc02367923c490A53170E04,1,{'id': 'QmUVD7fRbV1t3NErKmYDLw3QThGm1E2ymcQyHecNDbBMBC'},1631258091
0x7a7a5fAD8C4107ED0959191e7Ff36Ba82D4ea2F9,1,{'id': 'QmYYo1CWXBtasWCNK1Qgb2XWno7acUzJCkdP6vEA7oNwEE'},1630656036
0x8e2540edfA7410B6f32f54D4cBF715Acfe2F2e5B,"[2, 3, 5, 8, 11]",{'id': 'QmWw21mShD2EPtWd9tzy7ZFrz9pLVwTHsBmnrNbQ1mcJ42'},1630593191
0xF3DD72AC3c9833574491861793e8fFe1f07c8905,"[2, 3, 5, 8, 10]",{'id': 'QmWw21mShD2EPtWd9tzy7ZFrz9pLVwTHsBmnrNbQ1mcJ42'},1630589133
0x1108F73dA69EF5B64b2410EE9BEAaE2abB2fa10e,1,{'id': 'QmXQP6iSPQw2oA5czErUrjbASc97ZVT4BHvtB8g7uXXCM1'},1630317771
0x8e2540edfA7410B6f32f54D4cBF715Acfe2F2e5B,1,{'id': 'QmYYo1CWXBtasWCNK1Qgb2XWno7acUzJCkdP6vEA7oNwEE'},1630163469
0x454a5A7f6377c4Ecb73492e25e3c9bcCfC1F3aee,1,{'id': 'QmXQP6iSPQw2oA5czErUrjbASc97ZVT4BHvtB8g7uXXCM1'},1630003960
0x16765c8Fe6Eb838CB8f64e425b6DcCab38D4F102,1,{'id': 'QmXQP6iSPQw2oA5czErUrjbASc97ZVT4BHvtB8g7uXXCM1'},1630001457
0x1c85d6Ae1336D0e4E3F165bbfA9641bfA04CeDb1,1,{'id': 'QmXQP6iSPQw2oA5czErUrjbASc97ZVT4BHvtB8g7uXXCM1'},1630000820
0x82703281e7ff09CD2492Ddb6B8c5Fa645efDA819,1,{'id': 'QmSbx636cXdGYYKXLnHHb3TGdgUJMt3Nd6TXVMDpTaXxEW'},1629758333
0xd39ce81CE8e7243494d4149d05dDDD536ddc2e55,2,{'id': 'QmSbx636cXdGYYKXLnHHb3TGdgUJMt3Nd6TXVMDpTaXxEW'},1629640947
0x519A0dF0Bd2b586b6F7126799c30A243E13ABCbe,1,{'id': 'QmSbx636cXdGYYKXLnHHb3TGdgUJMt3Nd6TXVMDpTaXxEW'},1629625808
0x1146f36Cf74fBB2971DcDA652d0a3f4289a39d53,1,{'id': 'QmSbx636cXdGYYKXLnHHb3TGdgUJMt3Nd6TXVMDpTaXxEW'},1629498276
0x3C7d5bB537AbAe440e0Abe552342F422a4B1e6c1,1,{'id': 'QmSPg29Rgqkx95tioYew13q5FYekiNNMMbPhZ8hTPC3ERK'},1628730365
0xF3DD72AC3c9833574491861793e8fFe1f07c8905,1,{'id': 'QmSPg29Rgqkx95tioYew13q5FYekiNNMMbPhZ8hTPC3ERK'},1628690978
0xAC3c2F091eDEA973F666173b3eBd242A80FE411c,1,{'id': 'QmPXQsUwzyL12iKSVaUgBrnodtfJWno9Nfq2w1TkfJoj3y'},1628101613
0xcAf6890886e81E6f5d8CCdB2aff208120495C870,1,{'id': 'QmPXQsUwzyL12iKSVaUgBrnodtfJWno9Nfq2w1TkfJoj3y'},1628098320
0x84bcfa8Fe160b271dc49B1Fb263ad995e0C2c1dF,1,{'id': 'QmcSZd9sN7FaG3kGFwRfHfY9dQT9nbo4FSPQG8aC9XpcLA'},1625132138
0x34744Dd0Fb927366228A2eAee0D142620FF26077,1,{'id': 'QmcSZd9sN7FaG3kGFwRfHfY9dQT9nbo4FSPQG8aC9XpcLA'},1625080119
0xeDC8501C9F4173e2A76Bff49C0B571f14903a7e7,1,{'id': 'QmVwQChB3zCyViWg6XEv4FPhmfVToEvF47xHrV8oAKvqpp'},1622449283
0xdAc7a91516112703448B5d1fbC8B679fcE838E8A,1,{'id': 'QmSedazVqdvqRf2rB6AJ8mMituh5XjgM36zJTE21MdqFgw'},1622212852
0x85cF746d3b613ea225A5721807D2B4E94138557d,1,{'id': 'QmSedazVqdvqRf2rB6AJ8mMituh5XjgM36zJTE21MdqFgw'},1622167936
0x128e5625e15FdBA91d6CcB1AbDFdC62b5d152b4f,1,{'id': 'QmSedazVqdvqRf2rB6AJ8mMituh5XjgM36zJTE21MdqFgw'},1621969570
0x8d07D225a769b7Af3A923481E1FdF49180e6A265,1,{'id': 'QmfHcv4TYs4Mm8khjBXEMaEjH3SQuFtpd54AzZRpd6FxsP'},1621012189
0x6C7c3806B3CaE601b1D99c017E4592753ba8D41e,1,{'id': 'QmfHcv4TYs4Mm8khjBXEMaEjH3SQuFtpd54AzZRpd6FxsP'},1620782009
0xaF55176eabA554677499d524D1045310B1b6bfbf,1,{'id': 'QmfHcv4TYs4Mm8khjBXEMaEjH3SQuFtpd54AzZRpd6FxsP'},1620776347
0x0Ce8d053dd3a35E39F07d088d173bcd6b3D009d5,2,{'id': 'QmfHcv4TYs4Mm8khjBXEMaEjH3SQuFtpd54AzZRpd6FxsP'},1620758225
0x454a5A7f6377c4Ecb73492e25e3c9bcCfC1F3aee,2,{'id': 'QmfHcv4TYs4Mm8khjBXEMaEjH3SQuFtpd54AzZRpd6FxsP'},1620755601
0x00f4996324943D7e8497ce6a1Cf88969a0B08A24,1,{'id': 'QmV16JREYnyVedigJKXUA4wXhSLYZk7iix3dTsXsRSHdjH'},1619097464
0x5802aAf121fb77530d8190cbcbda4ac8451C47aa,1,{'id': 'QmPkKYHD7D7uYsdGpTiYH2vHaWzQHvLgkqxRfHgGj9o6V7'},1618917637
0xE335eA94352a4D9280Aef9232B3762c5234380d6,2,{'id': 'QmeS46bjekcrTyVnAYgKjBsVWtibhHd1qp3tY4Rv9NDSmq'},1618807787
0x69567893fdB2b9603c79FF12AA3D02ad46cF4950,2,{'id': 'QmeS46bjekcrTyVnAYgKjBsVWtibhHd1qp3tY4Rv9NDSmq'},1618690245
0x103e852bd20beE39331C95808129c207f35E8299,1,{'id': 'QmPkKYHD7D7uYsdGpTiYH2vHaWzQHvLgkqxRfHgGj9o6V7'},1618690189
0xe307e911991ED5Df44920E648245C49573E6F779,1,{'id': 'QmPkKYHD7D7uYsdGpTiYH2vHaWzQHvLgkqxRfHgGj9o6V7'},1618669368
0x80b2B6ACBB2744859C04c7DA78373Dc62f523398,1,{'id': 'QmNpf1713qP9Uz6juFqMeAUeA2aLN2friYhwWZYzTDHiA8'},1617984029
0xC54a79174cb43729e65a95E41028c9BAC7Ab4592,1,{'id': 'QmNpf1713qP9Uz6juFqMeAUeA2aLN2friYhwWZYzTDHiA8'},1617971397
0xB0331b22161cA290A15f825A29C008dCB5e1ff68,1,{'id': 'QmNpf1713qP9Uz6juFqMeAUeA2aLN2friYhwWZYzTDHiA8'},1617907586
0xFDD6AF85172A18A02651e63929fF2f46E4714156,1,{'id': 'QmNpf1713qP9Uz6juFqMeAUeA2aLN2friYhwWZYzTDHiA8'},1617822747
0xdC6CE98A9020905973C9C026c6f3e34df9998D8A,1,{'id': 'QmNpf1713qP9Uz6juFqMeAUeA2aLN2friYhwWZYzTDHiA8'},1617804549
0x60A31edE8bB9b7b3870b7d2d71F1252B9f54E664,1,{'id': 'QmbAkKEa1jdiByzdTjnx5R6ap4cJoNoCuB9uErSZ219Hk1'},1617716181
0xC1E42F862d202B4A0eD552c1145735EE088f6Ccf,1,{'id': 'QmbAkKEa1jdiByzdTjnx5R6ap4cJoNoCuB9uErSZ219Hk1'},1617581813
0xc9153d97b103F6Df5fbD8239Be4F036a2734a46E,1,{'id': 'QmbAkKEa1jdiByzdTjnx5R6ap4cJoNoCuB9uErSZ219Hk1'},1617574551
0x36de990133D36d7E3DF9a820aA3eDE5a2320De71,1,{'id': 'QmbAkKEa1jdiByzdTjnx5R6ap4cJoNoCuB9uErSZ219Hk1'},1617535103
0xc0F030eac8b588817f8dA16b9a2CDCcc6451B25c,1,{'id': 'QmbAkKEa1jdiByzdTjnx5R6ap4cJoNoCuB9uErSZ219Hk1'},1617492759
0xf5Fe364D18F4a5A53BADCe9a046ba74cfC97f6Fb,1,{'id': 'QmRor1pBPrMGwosFfxCHDGY3DMH6BWQWLZgpewhbQhCodT'},1616540153
0x5ef86dA9Ed0FC7B54D0cd96b767F2891373718A5,1,{'id': 'QmRor1pBPrMGwosFfxCHDGY3DMH6BWQWLZgpewhbQhCodT'},1616381021
0x33569c101562e1fAF5b24581057E5cEE4c8288D7,1,{'id': 'QmXu5Gjh5Fftc6TMzTbrzd6bADtntUNKWdexSVTdnfsspF'},1616263133
0x1146f36Cf74fBB2971DcDA652d0a3f4289a39d53,1,{'id': 'QmXu5Gjh5Fftc6TMzTbrzd6bADtntUNKWdexSVTdnfsspF'},1616262934
0x3e2178CF851A0e5cbF84c0ff53f820ad7EAD703b,1,{'id': 'QmRor1pBPrMGwosFfxCHDGY3DMH6BWQWLZgpewhbQhCodT'},1616192612
0x26273e65aab399b7a2F5Bd081F4569515EfFd050,1,{'id': 'QmXu9ecN2xovW2sucHK4ny4PRBrytdXuyFTtxk4MP1Du7G'},1615893213
0x496289b8F494EA99BCA2E16386103fC8399211f5,1,{'id': 'QmXu9ecN2xovW2sucHK4ny4PRBrytdXuyFTtxk4MP1Du7G'},1615778265
0xc4d533F1Ed30B5f3733F70164328cb7E060d4560,1,{'id': 'QmXu9ecN2xovW2sucHK4ny4PRBrytdXuyFTtxk4MP1Du7G'},1615511479
0xDf5F43411C47c07eBcF03c16c29F18313E45Ca66,1,{'id': 'QmRor1pBPrMGwosFfxCHDGY3DMH6BWQWLZgpewhbQhCodT'},1615364205
0x8Bc7e0fE2302cf3c2e2B9Ca957a4E21f4fdd4DAd,1,{'id': 'QmVDveu8jK3XwmaWLq1a6ZxzH4ohnxiuzTtFhFzS5DbMSu'},1615143549
0xB0Aa57d1154A4FE70435445019088EdE0c8f45F8,1,{'id': 'QmRor1pBPrMGwosFfxCHDGY3DMH6BWQWLZgpewhbQhCodT'},1615137616
0x74C4623d7609F3eB2665aD32Ff96B44856b6051b,2,{'id': 'QmUNuBWDVtjjYPSrtjFMxFTXLWXySL8Xmp2XnMYSTRq8BA'},1614601717
0x7880C064C12b8868405Be6E6B9c89b757D0969b6,1,{'id': 'QmUNuBWDVtjjYPSrtjFMxFTXLWXySL8Xmp2XnMYSTRq8BA'},1614340620
0x72b223De2F773C814465C4A8f2Ef9FaAe702Cfb3,1,{'id': 'QmR4vBGXudjBzMdKZqJLKKS9qtfba79BmMt1HyQaCj2d9G'},1614262509
0x6faCf564dBaFcAF142CcE4fBEA8FCa108bB42408,1,{'id': 'QmR4vBGXudjBzMdKZqJLKKS9qtfba79BmMt1HyQaCj2d9G'},1614237040
0x81aFcF6Dd79897cBa488471eCEc2f41BF3f7CA9B,1,{'id': 'Qmey2mVxaqhqEt5iQa6toV6qQJtSaNajfkC52VVG4HvCju'},1613628202
0x4B935A52a887BF017B4e5e0151B71F518d0810a8,1,{'id': 'Qmey2mVxaqhqEt5iQa6toV6qQJtSaNajfkC52VVG4HvCju'},1613622874
0x5999865518C9de250b820762130FF7A7119A4558,1,{'id': 'Qmey2mVxaqhqEt5iQa6toV6qQJtSaNajfkC52VVG4HvCju'},1613577056
0x6b7Ac46d09d2ADF4CeBe2995EbF9d97E13E9E257,1,{'id': 'QmNmPoQNfuQ93qF5eUYxHkwPM2xjftDsiMvrTYqpUqbgvA'},1612962286
0x4059457092Cc3812d56676DF6A75fD21204Fbe2F,1,{'id': 'QmYgRi6zJX2hhGGP8FKgE8kD5GcpTE7fBSVR7ZiwzNJykx'},1612294350
0x72b223De2F773C814465C4A8f2Ef9FaAe702Cfb3,1,{'id': 'QmYgRi6zJX2hhGGP8FKgE8kD5GcpTE7fBSVR7ZiwzNJykx'},1612205584
0x4B2C2Fe26Fc1B9ddB7Fb0dA1a64EEd4dc017F455,1,{'id': 'QmYgRi6zJX2hhGGP8FKgE8kD5GcpTE7fBSVR7ZiwzNJykx'},1612188687
0x58d193f9B1B3D39D5472F7eCC345873F6f41d7E4,1,{'id': 'QmYgRi6zJX2hhGGP8FKgE8kD5GcpTE7fBSVR7ZiwzNJykx'},1612174828
0x3Ffd017A3608498B8D0e8A365429F2066E62A886,2,{'id': 'QmdRuAXtF6UtWbYPTDbCC6tE7tM7Uby5zKsvxUqnbEQ3nZ'},1610229155
0x5068b3152BdDFB8A990a10c58cd4e7F3baA7dC0F,1,{'id': 'Qmbut4ikk4rkV7hsmKKRnrhmj4c1ZWBwDTk3ujEV9Le9CV'},1607633191
0x1146f36Cf74fBB2971DcDA652d0a3f4289a39d53,1,{'id': 'QmVT44ymTe2E5K27SaUoM7XisPztmenRgUB1sNbdsZCpiP'},1607380077
0x62661B101ca48734668669a9F1Cb83c4889049F3,1,{'id': 'QmVT44ymTe2E5K27SaUoM7XisPztmenRgUB1sNbdsZCpiP'},1607375945
0xfc0ac081405AD9B335d6A2d5a0812a4959Ad4372,1,{'id': 'QmSpBfv7SpyJtUr4qYQRGLvoozkMV7Jf94m99UBTvZA6Du'},1606223710
